50.95323578 , 5.353585835
50.95323578 , 5.353585835
50.953235785 , 5.353585825
50.953235783333334 , 5.353585818333333
50.95323577333333 , 5.353585806666667
50.95323575 , 5.353585673333333
50.95323583 , 5.353585395
50.953235746666664 , 5.353585545
50.95323571833333 , 5.353584963333334
50.95323541333333 , 5.35358472
50.953235363333334 , 5.353584773333333
50.95323549 , 5.353584816666666
50.95323550333333 , 5.353584813333334
50.95323558166667 , 5.353584818333333
50.953235488333334 , 5.353584688333333
50.95323535 , 5.35358389
50.95323509 , 5.353582583333333
50.953234701666666 , 5.353580513333333
50.95323409833333 , 5.353577966666666
50.953233426666664 , 5.353574905
50.953232705 , 5.35357135
50.953231921666664 , 5.353566945
50.95323094 , 5.353562153333334
50.95322996 , 5.353557171666667
50.95322894666667 , 5.353552201666667
50.953227975 , 5.353547745
50.95322710166667 , 5.353543728333333
50.953226193333336 , 5.353538995
50.953225259999996 , 5.353534136666667
50.953224541666664 , 5.353529086666667
50.95322353 , 5.3535245116666665
50.953222546666666 , 5.3535195516666665
50.953221575 , 5.353514333333333
50.953220716666664 , 5.353508995
50.9532196 , 5.353503418333333
50.95321839166667 , 5.353497885
50.95321728333333 , 5.353492308333333
50.95321627 , 5.353486218333333
50.95321519666667 , 5.353480546666667
50.95321421333333 , 5.353474755
50.953213105 , 5.353469003333333
50.95321190666667 , 5.353463093333334
50.95321091 , 5.353457445
50.95320994 , 5.353451938333333
50.953208888333336 , 5.3534465933333335
50.95320804 , 5.35344111
50.95320692166667 , 5.3534354366666665
50.953206046666665 , 5.35342986
50.95320495166666 , 5.353424128333334
50.95320419 , 5.353418193333333
50.95320311 , 5.353412808333333
50.95320194666667 , 5.3534073583333335
50.953200751666664 , 5.353402115
50.95319987333333 , 5.353396926666667
50.953198998333335 , 5.353391605
50.95319813166667 , 5.353386345
50.953197355 , 5.353380965
50.953196105 , 5.353376083333333
50.95319499833333 , 5.353371243333333
50.95319418 , 5.35336641
50.95319376333333 , 5.353361411666667
50.953193103333334 , 5.353356635
50.953192406666666 , 5.353351581666667
50.95319146 , 5.3533469516666665
50.95319049 , 5.353341965
50.95318965333333 , 5.35333692
50.95318865666667 , 5.353331553333334
50.953187505 , 5.353326646666667
50.953186556666665 , 5.353321901666667
50.953185445 , 5.3533173383333335
50.953184103333335 , 5.353312621666666
50.953182625 , 5.353307865
50.95318078333333 , 5.353303473333333
50.953178918333336 , 5.353299121666667
50.95317689666667 , 5.353295145
50.95317468333333 , 5.353291555
50.95317240333333 , 5.35328786
50.95317019 , 5.353284675
50.95316763666667 , 5.353281578333333
50.95316500166667 , 5.353279106666666
50.95316214333333 , 5.353276606666666
50.95315884833333 , 5.353274655
50.953155805 , 5.353272556666667
50.95315288166667 , 5.353270796666667
50.95314976666667 , 5.353269383333333
50.95314684 , 5.353267803333333
50.95314361 , 5.353266613333333
50.95314066666667 , 5.353265003333333
50.95313761 , 5.353263441666667
50.95313494166667 , 5.353261615
50.953132265 , 5.353259505
50.953129753333336 , 5.353257311666667
50.953127126666665 , 5.35325492
50.95312467 , 5.353252355
50.953122335 , 5.353249285
50.95311975166667 , 5.3532462333333335
50.95311731166667 , 5.353242821666667
50.95311470666667 , 5.353238985
50.953112358333335 , 5.35323446
50.953110275 , 5.35322974
50.95310890333333 , 5.353224666666667
50.953107075 , 5.353219795
50.95310552833333 , 5.353214648333333
50.95310400333334 , 5.353209378333333
50.953102545 , 5.353203766666667
50.95310118333333 , 5.353197906666667
50.95309960666667 , 5.353191988333333
50.95309820333333 , 5.353186
50.953096818333336 , 5.353179835
50.95309556833333 , 5.353173865
50.953094185 , 5.35316771
50.95309304 , 5.353161718333333
50.95309175166667 , 5.3531557
50.953090413333335 , 5.35314965
50.95308915333333 , 5.353143471666667
50.953087886666665 , 5.353137403333333
50.953086678333335 , 5.353131333333334
50.95308545166667 , 5.353125063333334
50.95308422 , 5.35311887
50.953082923333334 , 5.35311256
50.95308164666667 , 5.353106518333333
50.95308038833333 , 5.353100358333333
50.95307896333333 , 5.3530941783333335
50.95307764333333 , 5.353088098333333
50.95307630166667 , 5.353082081666667
50.953074945 , 5.3530760766666665
50.95307359833333 , 5.3530700116666665
50.95307219666667 , 5.3530640216666665
50.953070946666664 , 5.35305767
50.953069785 , 5.353051485
50.95306857 , 5.35304543
50.953067116666666 , 5.353039281666667
50.95306575833333 , 5.35303316
50.95306445333333 , 5.353027186666667
50.953063191666665 , 5.353021165
50.95306178166667 , 5.353015101666666
50.953060488333335 , 5.3530091833333335
50.953059145 , 5.353003143333333
50.95305785666667 , 5.352997153333333
50.95305643333333 , 5.352991121666666
50.95305526166667 , 5.352985098333333
50.95305395166667 , 5.352979113333333
50.953052766666666 , 5.35297331
50.953051485 , 5.35296751
50.953050231666666 , 5.3529616183333335
50.95304911 , 5.352955898333334
50.953048001666666 , 5.352950216666667
50.953046810000004 , 5.35294447
50.953045728333336 , 5.352938775
50.953044535 , 5.3529330533333335
50.95304341666667 , 5.352927253333333
50.953042348333334 , 5.352921455
50.95304124333333 , 5.352915771666667
50.95303999833333 , 5.352909901666667
50.953038895 , 5.352904173333333
50.95303766 , 5.352898358333333
50.953036525 , 5.352892888333334
50.95303536833333 , 5.35288712
50.95303414333333 , 5.352881425
50.953032885 , 5.352875786666667
50.95303174833333 , 5.352870145
50.953030535 , 5.352864491666667
50.95302916333333 , 5.35285887
50.95302794166667 , 5.352853126666667
50.95302675333333 , 5.3528475533333335
50.953025505 , 5.352842008333333
50.95302435166667 , 5.352836118333333
50.953023306666665 , 5.352830648333334
50.953022196666666 , 5.3528251933333335
50.9530212 , 5.352819558333334
50.95302017666667 , 5.352814043333334
50.953019301666664 , 5.352808568333334
50.95301847333333 , 5.352802961666667
50.95301778166667 , 5.352797336666667
50.95301726 , 5.352791593333333
50.953016831666666 , 5.352785585
50.953016516666665 , 5.352779915
50.953016258333335 , 5.3527740816666665
50.95301621833333 , 5.352768251666666
50.95301612 , 5.352762725
50.953016055 , 5.3527569
50.95301591 , 5.352751276666667
50.95301599 , 5.35274544
50.9530159 , 5.352739816666666
50.953015871666665 , 5.352734295
50.95301607333333 , 5.352728461666667
50.95301623833333 , 5.3527227
50.953016338333335 , 5.35271662
50.953016473333335 , 5.352710531666666
50.953016616666666 , 5.3527044466666664
50.95301658333333 , 5.3526980433333335
50.953016653333336 , 5.35269205
50.9530166 , 5.352686113333333
50.95301628833333 , 5.352679823333333
50.953016076666664 , 5.352674045
50.953015771666664 , 5.352667928333333
50.953015475 , 5.352661751666667
50.953015015 , 5.352655716666667
50.95301450833333 , 5.352649603333333
50.953013845 , 5.35264373
50.95301329666667 , 5.352637681666667
50.95301264 , 5.3526317316666665
50.953011955 , 5.35262574
50.953011153333335 , 5.352619761666666
50.95301042333333 , 5.352613851666667
50.953009488333336 , 5.352607936666667
50.95300855833333 , 5.352601976666667
50.953007928333335 , 5.352595941666666
50.95300733 , 5.35258985
50.953006398333336 , 5.35258362
50.95300562166667 , 5.352577395
50.95300469666667 , 5.352571365
50.953003806666665 , 5.3525654183333335
50.953002875 , 5.352559465
50.953001815 , 5.352553413333333
50.95300082 , 5.352547416666667
50.95299972 , 5.352541285
50.952998576666666 , 5.3525354
50.95299745333333 , 5.3525292533333335
50.95299629666667 , 5.352523115
50.95299497833334 , 5.3525171983333335
50.952993928333335 , 5.35251119
50.95299250833333 , 5.352505108333333
50.952991105 , 5.352499076666667
50.95298996 , 5.352493055
50.95298902333333 , 5.35248716
50.952988018333336 , 5.352481625
50.952987055 , 5.352475681666666
50.952986025 , 5.35247019
50.95298493666667 , 5.35246443
50.952983661666664 , 5.352458775
50.952982518333336 , 5.35245311
50.952981255 , 5.352447575
50.95298008166667 , 5.352441828333333
50.952978843333334 , 5.352436351666666
50.95297759 , 5.352430743333334
50.95297637 , 5.352425116666667
50.952975175 , 5.352419673333333
50.95297390166667 , 5.35241408
50.952972636666665 , 5.352408665
50.95297150166667 , 5.352403256666666
50.95297046666666 , 5.3523978083333335
50.95296938333333 , 5.352392446666666
50.952968415 , 5.352387103333333
50.95296745 , 5.352382036666667
50.9529667 , 5.35237658
50.95296562 , 5.352371108333333
50.952964746666666 , 5.352365588333333
50.952963995 , 5.352360078333334
50.952963185 , 5.3523546
50.952962078333336 , 5.352349041666667
50.952961226666666 , 5.352343388333333
50.952960391666664 , 5.35233801
50.952959595 , 5.352332461666666
50.95295858 , 5.35232693
50.95295738666667 , 5.352321245
50.952956021666665 , 5.352315666666667
50.95295460333333 , 5.352310048333333
50.952953066666666 , 5.352304513333333
50.952951381666665 , 5.352299051666667
50.952949661666665 , 5.352293435
50.95294782166667 , 5.352288103333334
50.95294581666667 , 5.352282845
50.952943921666666 , 5.352277426666666
50.95294185833333 , 5.35227215
50.952939836666665 , 5.352266906666666
50.952937685 , 5.352261828333333
50.95293564333333 , 5.352256465
50.952933478333335 , 5.352251406666666
50.95293116 , 5.352246111666667
50.95292916 , 5.352240858333333
50.952926936666664 , 5.352235695
50.95292473666667 , 5.352230335
50.95292256166667 , 5.352225038333334
50.95292042 , 5.352219708333333
50.95291814833333 , 5.352214455
50.952916 , 5.352208828333334
50.95291375666667 , 5.352203346666666
50.952911773333334 , 5.352197741666667
50.95290973833333 , 5.352192186666667
50.95290760333334 , 5.352186583333333
50.95290541833333 , 5.352180755
50.95290358 , 5.352174805
50.952901696666665 , 5.35216892
50.952899865 , 5.35216272
50.95289803666667 , 5.352156688333333
50.952896556666666 , 5.35215102
50.952895105 , 5.352145381666666
50.952893368333335 , 5.352139411666666
50.95289181 , 5.352133025
50.952890268333334 , 5.3521268116666665
50.952888828333336 , 5.352120328333333
50.95288719 , 5.3521135016666666
50.952885521666666 , 5.352106568333333
50.952883928333335 , 5.352099105
50.95288247166667 , 5.352091363333333
50.952880725 , 5.3520835233333335
50.95287902 , 5.352075215
50.95287715833334 , 5.35206661
50.952875426666665 , 5.352057715
50.952873481666664 , 5.35204871
50.952871628333334 , 5.352039223333334
50.952869738333334 , 5.352029698333333
50.952868003333336 , 5.352020231666667
50.95286617833333 , 5.352010811666666
50.952864215 , 5.352001348333333
50.9528624 , 5.351991935
50.952860515 , 5.3519825
50.952858723333335 , 5.351973283333334
50.95285676833333 , 5.35196407
50.952855041666666 , 5.35195488
50.95285317166667 , 5.35194592
50.95285124666667 , 5.351936765
50.95284952666667 , 5.35192779
50.952847675 , 5.35191879
50.95284569333333 , 5.351909675
50.95284362833333 , 5.351900756666667
50.952841783333334 , 5.35189215
50.952840208333335 , 5.351884171666667
50.9528386 , 5.351876055
50.95283697166667 , 5.3518678883333335
50.95283535833333 , 5.351860303333333
50.9528338 , 5.351852591666667
50.952832326666666 , 5.351845135
50.95283090833333 , 5.351837986666666
50.9528294 , 5.35183079
50.952827848333335 , 5.35182347
50.95282640666667 , 5.3518165516666665
50.952824871666664 , 5.351809261666666
50.952823505 , 5.351802301666667
50.952822108333336 , 5.351795713333333
50.95282065833333 , 5.351788803333333
50.95281929 , 5.351782088333334
50.95281780166667 , 5.351775373333333
50.95281644 , 5.35176876
50.95281511333334 , 5.351762233333333
50.95281369333333 , 5.35175569
50.952812343333335 , 5.35174919
50.95281094 , 5.351742811666667
50.95280957333333 , 5.351736596666667
50.95280818333333 , 5.351730103333334
50.952806725 , 5.351723856666666
50.952805311666665 , 5.351717531666667
50.952804021666665 , 5.351711176666667
50.95280274833333 , 5.351705151666667
50.952801173333334 , 5.351699003333334
50.952799748333334 , 5.351692878333333
50.95279842666667 , 5.351686483333333
50.95279716833333 , 5.351680211666666
50.95279589 , 5.351673758333333
50.952794483333335 , 5.351667473333333
50.95279303833333 , 5.351660966666667
50.95279165 , 5.351654625
50.952790475 , 5.351648321666667
50.952789206666665 , 5.351642131666667
50.952787985 , 5.351635998333333
50.95278666833333 , 5.3516297816666665
50.95278539833333 , 5.35162353
50.95278405333333 , 5.351617175
50.95278258 , 5.351610653333333
50.952781406666666 , 5.35160418
50.952780105 , 5.351597651666666
50.95277885666667 , 5.35159118
50.95277747833333 , 5.351584805
50.95277616333333 , 5.351578388333333
50.95277475 , 5.351571846666666
50.95277333833333 , 5.3515654533333334
50.952771913333336 , 5.3515589383333335
50.95277056166667 , 5.351552613333333
50.952769285 , 5.35154601
50.95276784833333 , 5.351539545
50.95276638833333 , 5.351532751666666
50.95276492333333 , 5.35152599
50.95276338666667 , 5.35151926
50.952761863333336 , 5.351512483333333
50.952760508333334 , 5.351505581666666
50.95275906166667 , 5.351498768333333
50.952757606666665 , 5.35149177
50.95275606166667 , 5.351484886666666
50.95275458333333 , 5.351477951666666
50.95275306166667 , 5.351470915
50.952751475 , 5.351463938333334
50.95274913666667 , 5.351456641666666
50.95274739 , 5.351449433333333
50.95274617 , 5.351443085
50.952745175 , 5.351436306666667
50.952744135 , 5.351429303333333
50.952742986666664 , 5.351422146666667
50.95274157666667 , 5.351415086666667
50.95273996 , 5.351408115
50.95273852333333 , 5.351401031666667
50.952737111666664 , 5.351393898333333
50.952735615 , 5.35138695
50.952734168333336 , 5.351380053333333
50.952732775 , 5.35137308
50.95273140333333 , 5.3513664216666665
50.95273007 , 5.351359765
50.952728576666665 , 5.351352938333333
50.95272730833333 , 5.35134652
50.95272596 , 5.351340031666667
50.95272464833333 , 5.35133361
50.952723515 , 5.3513272333333335
50.952722265 , 5.351320761666667
50.95272102333333 , 5.35131449
50.95271991 , 5.351308151666666
50.95271874833333 , 5.351301796666666
50.95271760833333 , 5.351295423333333
50.95271645166667 , 5.351289015
50.95271524 , 5.35128266
50.95271401666667 , 5.351276453333333
50.952712686666665 , 5.351269888333333
50.95271153 , 5.351263461666667
50.95271031833333 , 5.351257208333333
50.952708863333335 , 5.351250741666667
50.952707681666666 , 5.3512444666666665
50.95270627833333 , 5.351238205
50.95270490833333 , 5.3512320283333334
50.952703604999996 , 5.351225928333333
50.95270235666667 , 5.351219953333334
50.952701045 , 5.351213573333333
50.952699941666665 , 5.351207415
50.95269897833333 , 5.351201246666666
50.95269802333333 , 5.3511951516666665
50.95269715166667 , 5.35118884
50.952696345 , 5.35118258
50.952695543333334 , 5.351176235
50.95269473166667 , 5.351169748333334
50.952694005 , 5.351163358333333
50.95269349833333 , 5.351156948333333
50.95269311333333 , 5.351150523333334
50.95269278833333 , 5.3511442533333335
50.952692569999996 , 5.351137778333333
50.952692453333334 , 5.351131515
50.95269244833333 , 5.351125373333334
50.952692471666666 , 5.351118878333334
50.95269266333333 , 5.351112268333333
50.95269299 , 5.351105756666667
50.952693356666664 , 5.351099751666666
50.952693985 , 5.351093926666667
50.952694745 , 5.3510880316666665
50.95269532166667 , 5.351082133333334
50.95269588166666 , 5.35107616
50.95269646333333 , 5.351069665
50.95269728 , 5.3510631
50.95269816166667 , 5.351056063333333
50.95269919333333 , 5.351049078333333
50.95270031 , 5.351042513333334
50.952701393333335 , 5.351035433333333
50.952702421666665 , 5.351028848333334
50.95270347 , 5.351022063333334
50.95270443166667 , 5.3510155883333335
50.952705576666666 , 5.351009155
50.95270666166667 , 5.35100308
50.95270802 , 5.350996965
50.952709295 , 5.35099112
50.95271044 , 5.350985105
50.95271136833333 , 5.350978691666667
50.95271206333334 , 5.3509715983333335
50.95271257 , 5.350964451666667
50.952713081666666 , 5.35095713
50.952713143333334 , 5.3509501083333335
50.95271327 , 5.350943103333333
50.95271321333333 , 5.350936328333334
50.95271271666667 , 5.350929556666666
50.95271186833333 , 5.350922868333333
50.95271099 , 5.350916105
50.95270984333333 , 5.35090967
50.95270828833333 , 5.3509032266666665
50.952706485 , 5.350897061666666
50.95270447 , 5.350890238333333
50.95270155833333 , 5.350883708333333
50.95269834333333 , 5.350877095
50.95269477833333 , 5.35087133
50.952691225 , 5.350866285
50.95268740666667 , 5.350861536666667
50.95268308166666 , 5.35085753
50.95267887166667 , 5.350853645
50.95267400666667 , 5.35085064
50.95266926666667 , 5.350847448333333
50.952664295 , 5.350844986666667
50.952659266666664 , 5.350843208333333
50.952654151666664 , 5.350841535
50.95264904 , 5.350839728333334
50.95264399333333 , 5.350837948333333
50.952639203333334 , 5.35083628
50.952634335 , 5.350834278333333
50.952629655 , 5.350832445
50.95262484166667 , 5.350830891666667
50.952619945 , 5.350829088333334
50.95261542 , 5.350827251666667
50.952610461666666 , 5.350825636666666
50.95260533 , 5.350824416666667
50.95260033666667 , 5.350823303333334
50.952595215 , 5.35082186
50.952590175 , 5.350820783333333
50.95258514 , 5.350819368333333
50.952580268333335 , 5.3508180916666666
50.95257565833333 , 5.350816576666666
50.952570996666665 , 5.350815226666667
50.952566438333335 , 5.350813856666667
50.952561906666666 , 5.350812413333333
50.95255743 , 5.350810893333334
50.952552805 , 5.35080944
50.95254808 , 5.350807973333334
50.95254355666667 , 5.350806505
50.95253897333333 , 5.350805106666667
50.952534545 , 5.350803545
50.95252990666667 , 5.35080204
50.95252501 , 5.350800325
50.952520256666666 , 5.350798683333333
50.95251584333333 , 5.350797086666667
50.95251155333333 , 5.350795255
50.952507098333335 , 5.3507934766666665
50.952502538333334 , 5.35079166
50.952498033333335 , 5.350790063333333
50.95249349 , 5.350788273333333
50.952488968333334 , 5.350786225
50.95248435166667 , 5.350784175
50.952479925 , 5.350782201666667
50.952475395 , 5.350780411666666
50.952470981666664 , 5.350778686666667
50.952466705 , 5.350776971666667
50.95246263333333 , 5.35077512
50.95245844 , 5.3507734933333335
50.95245425 , 5.35077168
50.952450238333334 , 5.3507700116666665
50.952446296666665 , 5.350768443333333
50.95244202333333 , 5.350767001666667
50.952437853333336 , 5.350765353333333
50.95243363666667 , 5.350763708333333
50.952429503333335 , 5.350762126666667
50.95242535333333 , 5.350760698333334
50.952421396666665 , 5.350759298333333
50.952417606666664 , 5.350757745
50.95241386 , 5.3507562
50.952409468333336 , 5.350754696666667
50.952405103333334 , 5.350753015
50.95240060333333 , 5.350751373333333
50.95239591 , 5.350749685
50.95239119833333 , 5.35074819
50.95238664833333 , 5.3507466883333334
50.952382306666664 , 5.350745226666667
50.952378 , 5.350743508333333
50.95237339166667 , 5.350741868333333
50.95236846833333 , 5.350740445
50.95236355666667 , 5.350739061666666
50.952358855 , 5.350737858333333
50.95235426333333 , 5.350736566666667
50.95235001166667 , 5.350735251666666
50.952345756666666 , 5.350733816666667
50.952341345 , 5.3507321333333335
50.952336433333336 , 5.350730375
50.95233121333333 , 5.350728573333333
50.95232587 , 5.350727055
50.95232023166667 , 5.350725541666667
50.95231450666667 , 5.350723913333334
50.952308806666665 , 5.350722233333333
50.952303316666665 , 5.350720765
50.952298025 , 5.3507193016666665
50.95229281833333 , 5.350717811666667
50.95228790833333 , 5.350716395
50.95228302 , 5.350714971666667
50.95227821 , 5.35071363
50.95227354833333 , 5.3507123
50.95226906833334 , 5.350710931666667
50.952264531666664 , 5.350709701666666
50.952260233333334 , 5.350708376666667
50.95225604666667 , 5.350706906666667
50.95225178333333 , 5.350705273333333
50.952247621666665 , 5.35070362
50.95224335166667 , 5.35070219
50.9522391 , 5.350700685
50.95223504166667 , 5.350699136666667
50.952231123333334 , 5.350697575
50.952226941666666 , 5.350695831666667
50.95222294 , 5.350694115
50.952218933333334 , 5.350692541666667
50.952214955 , 5.350690815
50.952211088333335 , 5.350689138333333
50.95220725 , 5.3506873383333335
50.95220336333333 , 5.350685435
50.95219944833333 , 5.35068343
50.952195725 , 5.350681455
50.95219177166667 , 5.35067945
50.95218788 , 5.350677493333333
50.95218430333333 , 5.350675605
50.95218063666667 , 5.350673633333333
50.952176953333336 , 5.350672031666667
50.95217309 , 5.350670973333333
50.95216919833334 , 5.350670895
50.95216522166667 , 5.350671536666667
50.95216109333333 , 5.350672833333333
50.95215737833333 , 5.35067464
50.95215393833333 , 5.350677486666667
50.95215064333333 , 5.350681276666666
50.95214744333333 , 5.350685521666667
50.95214493666667 , 5.35069022
50.952142895 , 5.3506958183333335
50.95214138666667 , 5.350701745
50.95214037833333 , 5.350708088333334
50.952140136666664 , 5.350714355
50.95214046666667 , 5.350720731666667
50.952141168333334 , 5.350727135
50.952142378333335 , 5.350733105
50.952144061666665 , 5.350739225
50.95214596833333 , 5.35074489
50.95214823333333 , 5.350750115
50.952150761666665 , 5.350755025
50.95215382 , 5.350760226666667
50.952156931666664 , 5.35076555
50.95216007166667 , 5.350771031666667
50.95216342333333 , 5.350776491666666
50.95216687166667 , 5.350782071666667
50.95217025666667 , 5.3507878
50.952173515 , 5.350793585
50.952176825 , 5.350799411666666
50.95218028833333 , 5.350805511666667
50.95218348666667 , 5.350811791666667
50.95218678 , 5.35081804
50.95219033666667 , 5.35082453
50.95219363 , 5.3508311
50.95219694666667 , 5.350837425
50.952200455 , 5.350843905
50.952203876666665 , 5.350850443333333
50.952207253333334 , 5.350856933333334
50.95221081166667 , 5.350863446666667
50.95221426333333 , 5.350869936666666
50.9522176 , 5.350876225
50.952220858333334 , 5.350882528333333
50.952223995 , 5.35088863
50.95222726 , 5.35089476
50.95223036666667 , 5.3509007083333335
50.95223368166667 , 5.350906758333333
50.952236735 , 5.350912583333334
50.95223970666667 , 5.350918255
50.95224275 , 5.350924026666667
50.95224578166667 , 5.35092994
50.952248708333336 , 5.35093565
50.952251706666665 , 5.350941583333333
50.952254786666664 , 5.3509474133333335
50.95225784666667 , 5.350953163333333
50.95226051 , 5.350958791666667
50.95226332 , 5.350964181666667
50.952266085 , 5.35096961
50.95226900833333 , 5.350974891666667
50.95227190833333 , 5.35098025
50.95227463 , 5.350985746666667
50.95227746166667 , 5.350990833333333
50.95228042 , 5.350996133333333
50.95228341 , 5.351001283333333
50.952286525 , 5.351006075
50.95228926 , 5.3510107583333335
50.952291895 , 5.35101579
50.95229447166667 , 5.351021076666667
50.952297021666666 , 5.3510262483333335
50.95229973666667 , 5.351031403333334
50.95230235 , 5.35103676
50.95230485166667 , 5.351042401666667
50.952307125 , 5.351047858333334
50.95230953833333 , 5.351053523333333
50.95231183 , 5.351059296666667
50.95231402333334 , 5.3510652683333335
50.95231601333333 , 5.3510714466666665
50.952317771666664 , 5.351077706666667
50.95231927333333 , 5.351084123333333
50.952320725 , 5.351090618333333
50.95232213333333 , 5.351097295
50.952323158333336 , 5.351104066666666
50.952324061666666 , 5.351111068333333
50.952324958333335 , 5.351118386666666
50.95232568666667 , 5.351126033333333
50.95232647666667 , 5.351133695
50.95232691166667 , 5.351141763333334
50.952327266666664 , 5.351149771666667
50.95232721 , 5.351157848333333
50.95232712166667 , 5.3511655566666665
50.95232695166667 , 5.35117349
50.952326461666665 , 5.351181996666667
50.952326111666665 , 5.351190475
50.95232561666667 , 5.35119943
50.95232528333333 , 5.351208208333333
50.952324731666664 , 5.351217631666667
50.952324235 , 5.351226931666667
50.95232360666667 , 5.351236015
50.95232298166667 , 5.35124528
50.95232229333333 , 5.351254625
50.95232173 , 5.35126376
50.952321223333335 , 5.351272941666666
50.95232078833333 , 5.351281975
50.95232045833333 , 5.351291046666667
50.952320065 , 5.351300211666667
50.952319708333334 , 5.35130919
50.952319358333334 , 5.35131824
50.95231914166666 , 5.351327573333333
50.952318856666665 , 5.35133686
50.952318545 , 5.35134593
50.95231828833333 , 5.351355148333333
50.952318016666666 , 5.351364401666666
50.952317915 , 5.351373515
50.9523177 , 5.351382635
50.95231754666667 , 5.351391933333334
50.95231733666667 , 5.351401006666666
50.952317135 , 5.351410208333333
50.952317035 , 5.351419296666666
50.95231672333333 , 5.351428433333333
50.95231654166667 , 5.3514372
50.95231643666666 , 5.351446108333334
50.952316153333335 , 5.351454548333333
50.952315811666665 , 5.351463006666667
50.95231549333333 , 5.351471433333334
50.952315111666664 , 5.351479453333333
50.95231476833333 , 5.351487495
50.9523144 , 5.3514952183333335
50.952313985 , 5.351502925
50.95231361 , 5.351510398333334
50.95231316666667 , 5.351517648333333
50.952312811666665 , 5.351524911666667
50.952312408333334 , 5.351532036666667
50.95231200166667 , 5.35153923
50.95231158666667 , 5.351546241666667
50.95231107 , 5.351553256666667
50.95231076333334 , 5.351560356666667
50.95231034 , 5.351567348333333
50.952309893333336 , 5.351574358333333
50.952309455 , 5.351581441666666
50.952308995 , 5.351588443333333
50.95230858666667 , 5.3515954033333335
50.952308145 , 5.351602473333333
50.952307655 , 5.351609496666667
50.952307268333335 , 5.351616425
50.95230685333333 , 5.35162342
50.952306425 , 5.351630463333334
50.95230600666667 , 5.3516376333333335
50.952305655 , 5.35164469
50.95230531166666 , 5.351651903333333
50.952304905 , 5.351659005
50.95230466 , 5.351665985
50.95230427 , 5.35167302
50.95230393166667 , 5.351679856666666
50.95230358333333 , 5.351686531666667
50.952303216666664 , 5.351693048333333
50.952302833333334 , 5.351699718333333
50.952302475 , 5.351706168333333
50.95230216 , 5.351712821666666
50.95230188166666 , 5.351719315
50.95230143 , 5.351725806666667
50.952301088333336 , 5.35173212
50.95230071666667 , 5.351738448333333
50.95230033333333 , 5.3517447
50.95230001833333 , 5.35175086
50.95229966 , 5.35175691
50.95229924666667 , 5.351762778333334
50.952298821666666 , 5.3517687616666665
50.952298393333336 , 5.351774698333333
50.952298035 , 5.3517807416666665
50.95229801 , 5.351786751666666
50.952298463333335 , 5.351792976666666
50.952299125 , 5.351798835
50.952300208333334 , 5.35180449
50.95230161833334 , 5.351810135
50.95230352666667 , 5.3518153716666665
50.9523061 , 5.35182019
50.952309183333334 , 5.3518243016666665
50.952312533333334 , 5.351827705
50.95231596833333 , 5.351830398333333
50.95231974166666 , 5.351832005
50.95232351166667 , 5.351832858333333
50.952327258333334 , 5.351832805
50.95233098833333 , 5.351831745
50.952334576666665 , 5.351829886666667
50.952337805 , 5.351826975
50.952340701666664 , 5.351822951666667
50.95234322833333 , 5.351818913333333
50.95234558166667 , 5.351814421666667
50.952347683333336 , 5.351809656666667
50.952349525 , 5.35180428
50.952351365 , 5.351798766666667
50.95235305 , 5.35179314
50.95235477 , 5.351787615
50.95235653 , 5.351781623333333
50.95235829333333 , 5.351775175
50.952360236666664 , 5.351768541666667
50.95236219 , 5.351762046666667
50.952364251666665 , 5.351755501666666
50.952366365 , 5.351749118333333
50.95236863 , 5.351742375
50.952370885 , 5.3517358716666665
50.95237317833333 , 5.3517293016666665
50.95237552166667 , 5.35172272
50.95237795333333 , 5.351716126666667
50.95238042166667 , 5.3517095
50.952382925 , 5.35170272
50.952385426666666 , 5.351696111666667
50.952388033333335 , 5.351689605
50.95239062 , 5.351682941666667
50.95239330166667 , 5.351676135
50.95239588333333 , 5.351669775
50.95239848333333 , 5.351663003333333
50.952401234999996 , 5.351656426666667
50.952403725 , 5.351649831666666
50.95240635333333 , 5.351642875
50.95240899666667 , 5.351636373333333
50.95241152166667 , 5.351629616666667
50.952414186666665 , 5.351622835
50.95241669833333 , 5.35161639
50.952419281666664 , 5.351609886666667
50.952421818333335 , 5.351603378333333
50.95242424166667 , 5.351596745
50.95242673833334 , 5.351590075
50.95242919166667 , 5.351583483333333
50.952431651666664 , 5.351576616666667
50.95243415666667 , 5.351569848333333
50.95243666333333 , 5.351563158333334
50.9524391 , 5.351556146666667
50.95244142333333 , 5.351549296666667
50.952443886666664 , 5.351542363333333
50.95244631333333 , 5.351535575
50.95244865 , 5.351528543333333
50.95245104333333 , 5.351521635
50.952453335 , 5.351514825
50.95245582 , 5.351507745
50.95245825333333 , 5.351500936666667
50.952460718333334 , 5.351493918333333
50.95246318 , 5.351487071666667
50.95246566833333 , 5.351480096666666
50.952468188333334 , 5.351473296666667
50.95247066666667 , 5.351466488333333
50.95247321833333 , 5.351459533333333
50.95247574333333 , 5.351452753333334
50.95247830833333 , 5.3514458566666665
50.952480873333336 , 5.351439103333333
50.95248341666667 , 5.351432353333333
50.95248585666667 , 5.351425673333333
50.95248843666667 , 5.351419055
50.952490965 , 5.351412465
50.95249344166667 , 5.351406065
50.95249591333334 , 5.351399606666667
50.95249836833333 , 5.351393316666667
50.95250074 , 5.351386981666667
50.95250310833333 , 5.351380595
50.952505478333336 , 5.351374173333333
50.952507778333334 , 5.35136772
50.952510133333334 , 5.351361278333333
50.95251248333334 , 5.35135492
50.952514918333335 , 5.351348628333334
50.95251743833333 , 5.351342325
50.95251983166666 , 5.351336145
50.952522163333335 , 5.351329625
50.95252459333334 , 5.351323366666667
50.952526965 , 5.351317183333333
50.952529426666665 , 5.351311066666667
50.952531785 , 5.351305161666667
50.95253409833333 , 5.351298971666667
50.95253653333333 , 5.351292866666666
50.95253895 , 5.351286963333333
50.95254131666667 , 5.351280948333334
50.952543713333334 , 5.351274915
50.952546051666666 , 5.351268808333334
50.95254847166667 , 5.351262663333333
50.9525508 , 5.351256621666667
50.95255322166667 , 5.351250573333333
50.95255559666667 , 5.35124441
50.95255808333334 , 5.3512384116666665
50.95256056833333 , 5.351232275
50.95256301 , 5.3512261966666665
50.95256546 , 5.351220045
50.95256798333333 , 5.351213765
50.952570539999996 , 5.351207726666667
50.952573001666664 , 5.351201456666667
50.952575535 , 5.3511951416666665
50.95257811 , 5.3511891983333335
50.952580536666666 , 5.35118313
50.952582983333336 , 5.351176826666666
50.952585516666666 , 5.351170961666667
50.95258770666667 , 5.3511649383333335
50.952590136666664 , 5.351158888333333
50.95259247 , 5.351153011666667
50.95259476166667 , 5.35114722
50.95259687833333 , 5.351141485
50.95259924 , 5.351135676666667
50.952601415 , 5.351130266666667
50.952603366666665 , 5.351124601666666
50.95260538666667 , 5.351118673333334
50.95260760833333 , 5.351112825
50.95260983833333 , 5.351106961666667
50.952611983333334 , 5.351100926666667
50.95261405666667 , 5.351095075
50.952616121666665 , 5.3510894916666665
50.95261824 , 5.3510842316666665
50.95262030666667 , 5.351079023333333
50.952622365 , 5.3510736083333335
50.95262445 , 5.35106806
50.95262651 , 5.35106257
50.95262863333333 , 5.351057105
50.952630801666665 , 5.351052131666667
50.952633156666664 , 5.35104747
50.952635486666665 , 5.3510434883333335
50.952637976666665 , 5.351039578333333
50.95264065 , 5.351035933333334
50.95264341666667 , 5.351033013333334
50.952646305 , 5.351030733333333
50.95264933666667 , 5.351028968333333
50.95265225666667 , 5.351027735
50.95265571 , 5.351026905
50.952658835 , 5.351026653333333
50.952661975 , 5.351027065
50.9526653 , 5.3510280733333335
50.9526684 , 5.351029783333333
50.95267136333333 , 5.351032078333334
50.95267403333333 , 5.35103509
50.952676525 , 5.351038613333333
50.952678765 , 5.351042915
50.95268059 , 5.351047856666667
50.95268203 , 5.351052746666666
50.952683291666666 , 5.351058326666666
50.952684025 , 5.351063698333333
50.95268471333333 , 5.35106914
50.95268495166667 , 5.351074781666667
50.952685288333335 , 5.35108044
50.952685728333336 , 5.351086475
50.952686365 , 5.351093153333333
50.95268714666667 , 5.3510993933333335
50.95268784333334 , 5.3511063016666665
50.95268849666667 , 5.351112636666667
50.952689131666666 , 5.351119216666667
50.95268978833333 , 5.351125743333333
50.952690561666664 , 5.351132436666667
50.95269136333334 , 5.351139041666666
50.95269242 , 5.351145773333333
50.952693436666664 , 5.351152703333334
50.95269452 , 5.35115975
50.952695631666664 , 5.351166706666667
50.952696853333336 , 5.351174091666667
50.95269801333333 , 5.3511811216666665
50.95269930833334 , 5.351188321666666
50.952700565 , 5.351195326666667
50.952701878333336 , 5.351202538333333
50.95270323333333 , 5.351209955
50.95270467833333 , 5.351217433333334
50.952706215 , 5.351225248333333
50.95270778 , 5.351232896666667
50.95270929666667 , 5.35124047
50.95271073 , 5.351248505
50.95271228666667 , 5.351256443333333
50.95271375833333 , 5.351264668333333
50.952715428333335 , 5.35127287
50.95271708 , 5.351281211666667
50.952718796666666 , 5.351289663333334
50.952720506666665 , 5.351298335
50.95272206833333 , 5.351307098333334
50.95272364666667 , 5.351315886666667
50.95272538166667 , 5.351324725
50.952727053333334 , 5.351333893333333
50.95272885833333 , 5.351342981666667
50.952730618333334 , 5.35135179
50.952732401666665 , 5.351360675
50.95273414333333 , 5.351369735
50.95273586166667 , 5.351378821666667
50.95273758166667 , 5.351387926666667
50.95273937666666 , 5.351397173333333
50.952741276666664 , 5.3514064066666664
50.952743165 , 5.351415785
50.952744933333335 , 5.351425248333333
50.952746663333336 , 5.351434693333333
50.952748576666664 , 5.351444066666667
50.952750548333334 , 5.351453261666666
50.95275245333333 , 5.351462396666666
50.95275449 , 5.351471973333333
50.95275627833333 , 5.351481156666667
50.952758205 , 5.351490401666666
50.952760076666664 , 5.3514994116666665
50.95276188333333 , 5.35150846
50.95276361333333 , 5.351517146666667
50.95276539333334 , 5.35152574
50.952767058333336 , 5.351534358333334
50.95276882666667 , 5.351542851666666
50.952770613333335 , 5.351551765
50.95277229333333 , 5.351560541666666
50.95277399166667 , 5.35156947
50.952775788333334 , 5.35157816
50.95277751 , 5.3515866333333335
50.95277917833333 , 5.351595016666667
50.952780618333335 , 5.351603545
50.95278222333334 , 5.351612015
50.952783948333334 , 5.351620586666667
50.952785525 , 5.351629325
50.95278733833333 , 5.351638065
50.952789095 , 5.351646988333333
50.95279086 , 5.35165605
50.952792648333336 , 5.351664911666667
50.952794563333335 , 5.3516738366666665
50.952796565 , 5.351683183333333
50.952798511666664 , 5.35169222
50.952800563333334 , 5.35170135
50.95280247666667 , 5.351710586666667
50.952804265 , 5.3517198666666665
50.95280613833334 , 5.351728923333333
50.95280801333333 , 5.3517376316666665
50.952809916666666 , 5.351746688333333
50.952811705 , 5.351755355
50.95281346833333 , 5.351763793333333
50.95281522166667 , 5.35177253
50.952817016666664 , 5.351781448333333
50.952818825 , 5.351790445
50.95282081166667 , 5.35179936
50.952822975 , 5.351808675
50.95282484166667 , 5.351817766666667
50.952826816666665 , 5.3518271183333335
50.952828763333336 , 5.35183586
50.95283069 , 5.3518448916666665
50.952832408333336 , 5.351853595
50.95283403333333 , 5.351861995
50.952835838333336 , 5.351870638333334
50.952837523333336 , 5.351879098333334
50.952839313333335 , 5.351887486666667
50.95284108 , 5.351895898333333
50.95284263166667 , 5.351903875
50.952844275 , 5.351912105
50.9528457 , 5.351920046666667
50.9528474 , 5.351928303333334
50.95284906333333 , 5.351936845
50.95285083833333 , 5.351945533333334
50.9528526 , 5.3519539583333335
50.952854466666665 , 5.351962486666666
50.952856015 , 5.35197083
50.952857601666665 , 5.351978825
50.95285928166667 , 5.351987228333333
50.952860863333335 , 5.351995476666667
50.95286253166667 , 5.352004145
50.952864098333336 , 5.352012655
50.95286577 , 5.352021203333333
50.952867391666665 , 5.352029825
50.952869055 , 5.3520381383333335
50.95287063833333 , 5.3520465716666665
50.952872373333335 , 5.352055026666667
50.95287408666667 , 5.3520634566666665
50.952876016666664 , 5.352072035
50.95287811 , 5.352080776666667
50.95288033166667 , 5.352089268333334
50.952882645 , 5.35209799
50.95288504 , 5.3521064916666665
50.952887516666664 , 5.352114848333334
50.9528899 , 5.3521231
50.95289236333333 , 5.35213137
50.952894891666666 , 5.35213958
50.95289778833333 , 5.352147853333333
50.9529005 , 5.352156193333333
50.95290359333333 , 5.352164795
50.95290659333333 , 5.35217327
50.952909678333334 , 5.352181555
50.95291277166667 , 5.352189573333333
50.95291547833333 , 5.35219796
50.952918185 , 5.352206065
50.952921073333336 , 5.3522142766666665
50.95292377333333 , 5.352222473333334
50.95292675 , 5.352230741666666
50.952929535 , 5.35223897
50.952932155 , 5.3522469783333335
50.9529346 , 5.3522552433333335
50.952936905 , 5.352263681666667
50.952939113333336 , 5.352272271666667
50.952940946666665 , 5.352281008333334
50.95294281166667 , 5.3522894716666665
50.95294485666667 , 5.35229795
50.9529468 , 5.352306783333334
50.952948858333336 , 5.35231531
50.95295096833333 , 5.352323901666667
50.952952886666665 , 5.352332313333333
50.95295477 , 5.352340775
50.952956585 , 5.3523487633333335
50.95295840833333 , 5.35235686
50.952960061666666 , 5.352364748333334
50.952961795 , 5.35237275
50.95296353333333 , 5.352380843333333
50.952965436666666 , 5.352388993333333
50.95296733 , 5.3523971433333335
50.95296907666667 , 5.352405178333333
50.95297075 , 5.352413333333334
50.95297232 , 5.352421558333333
50.95297385833334 , 5.35242978
50.95297549166666 , 5.352437738333333
50.95297717166667 , 5.352445755
50.952978701666666 , 5.352453533333334
50.952980176666664 , 5.352461301666667
50.95298160833333 , 5.35246888
50.952982895 , 5.352476153333333
50.952984345 , 5.352483385
50.95298593 , 5.352490708333334
50.952987415 , 5.352497675
50.95298885 , 5.352504616666667
50.952990113333335 , 5.35251129
50.95299137833333 , 5.352518291666667
50.95299291 , 5.35252551
50.95299426333333 , 5.352532693333333
50.95299581333333 , 5.352540086666667
50.95299736 , 5.352547491666667
50.952998793333336 , 5.352554656666666
50.953000276666664 , 5.35256189
50.953001703333335 , 5.352568831666667
50.953002901666665 , 5.3525755083333335
50.95300425333333 , 5.352582298333333
50.953005605 , 5.352588941666666
50.953006988333335 , 5.352595483333333
50.95300818 , 5.352601746666667
50.95300971 , 5.352608116666667
50.953010945 , 5.352614635
50.95301177333333 , 5.35262107
50.95301258 , 5.35262755
50.953013115 , 5.352634011666667
50.95301360333333 , 5.352640523333333
50.95301392166667 , 5.352646806666667
50.953014185 , 5.352653413333333
50.95301412333333 , 5.352659786666667
50.953014053333334 , 5.352666306666666
50.95301398833333 , 5.3526728666666665
50.953013713333334 , 5.352679426666667
50.95301355 , 5.352686273333333
50.953013461666664 , 5.3526935
50.95301342333333 , 5.352700818333333
50.95301336833333 , 5.3527085366666665
50.953013561666666 , 5.35271644
50.95301384 , 5.352724173333334
50.953013913333336 , 5.35273203
50.95301412333333 , 5.352740548333333
50.95301456666667 , 5.352749536666667
50.953015265 , 5.352758865
50.95301626 , 5.352768393333333
50.95301729 , 5.352777996666667
50.953018541666665 , 5.352787601666667
50.953019893333334 , 5.352797253333334
50.95302154833333 , 5.352806703333333
50.953023273333336 , 5.352816216666667
50.953024948333336 , 5.352825536666667
50.95302662 , 5.352834855
50.95302812333333 , 5.3528439033333335
50.95302975333333 , 5.352853268333333
50.95303152 , 5.352862611666667
50.953033291666664 , 5.35287219
50.95303512833333 , 5.352881935
50.953037173333335 , 5.352891875
50.95303934333333 , 5.352901696666667
50.95304128666667 , 5.352911471666666
50.95304338333333 , 5.352921326666666
50.95304581833334 , 5.352930968333333
50.95304805833333 , 5.35294072
50.953049938333336 , 5.352950436666666
50.953051726666665 , 5.352960115
50.95305369 , 5.352969636666667
50.95305561666667 , 5.352979271666666
50.95305752666667 , 5.352988788333334
50.953059358333334 , 5.352998205
50.95306111166666 , 5.3530073966666665
50.953063056666664 , 5.353016623333334
50.953064946666665 , 5.353025795
50.95306669666667 , 5.353035078333333
50.953068325 , 5.353044273333333
50.95307016 , 5.353053483333333
50.953071793333336 , 5.353062566666667
50.95307340666667 , 5.35307147
50.95307503833333 , 5.353080106666667
50.9530766 , 5.353088665
50.95307826 , 5.35309714
50.953079875 , 5.353105403333333
50.95308138666667 , 5.3531135
50.953082916666666 , 5.353121456666667
50.953084321666665 , 5.353129321666667
50.95308578666667 , 5.353137098333334
50.9530874 , 5.3531446633333335
50.95308893 , 5.353152136666667
50.953090431666666 , 5.353159623333333
50.953091705 , 5.353166756666667
50.95309300833333 , 5.35317375
50.9530944 , 5.353180415
50.95309598666667 , 5.353186943333333
50.953097576666664 , 5.35319324
50.953099255 , 5.353199296666666
50.953101188333335 , 5.353205121666667
50.95310335666667 , 5.353210856666666
50.953105533333336 , 5.353216588333333
50.95310764 , 5.3532218333333335
50.953110285 , 5.353227123333333
50.95311265 , 5.353231843333333
50.95311547666667 , 5.353236335
50.953118278333335 , 5.353240125
50.953121626666665 , 5.353243973333333
50.95312465666667 , 5.353247175
50.953127898333335 , 5.353249985
50.953131453333334 , 5.353252595
50.953134995 , 5.353254758333334
50.953138493333334 , 5.35325677
50.95314206166667 , 5.353258696666667
50.953145561666666 , 5.353260583333333
50.95314902166667 , 5.353262755
50.95315222666667 , 5.353264871666667
50.953155761666665 , 5.353267205
50.95315894666667 , 5.353269921666667
50.95316220833333 , 5.353272821666667
50.95316549 , 5.353275891666667
50.95316842 , 5.353279623333333
50.95317135 , 5.353283543333333
50.953173523333334 , 5.353287825
50.95317552666667 , 5.35329244
50.95317751166667 , 5.353297543333333
50.953179463333335 , 5.353302801666667
50.95318119833333 , 5.353308395
50.95318257 , 5.3533143433333334
50.95318369333334 , 5.35332057
50.95318467166667 , 5.353326461666667
50.953185778333335 , 5.353332441666667
50.95318710833333 , 5.353338628333334
50.953188205000004 , 5.353344935
50.95318895 , 5.353350871666667
50.95319025 , 5.353356806666667
50.95319163166667 , 5.353362863333333
50.953193068333334 , 5.35336885
50.95319419166667 , 5.35337486
50.953195205 , 5.35338075
50.95319632 , 5.353386485
50.953197536666664 , 5.353392408333334
50.95319876666667 , 5.353398313333333
50.95319996333333 , 5.353403995
50.95320137833333 , 5.35340975
50.95320237333333 , 5.353415626666667
50.95320361 , 5.353421325
50.95320473333334 , 5.353427118333333
50.953206011666666 , 5.35343285
50.95320717833334 , 5.35343841
50.95320830666667 , 5.353443768333333
50.95320938333333 , 5.353449746666667
50.95321031833333 , 5.35345541
50.953211468333336 , 5.353461165
50.953212615 , 5.353466955
50.95321360333333 , 5.353472745
50.95321481333333 , 5.353478218333334
50.953215883333336 , 5.35348385
50.95321701333334 , 5.353489245
50.95321797166667 , 5.35349445
50.95321897 , 5.353499416666667
50.95321988333333 , 5.353504175
50.95322077 , 5.353508528333333
50.95322165 , 5.353512698333334
