latitude,longitude
50.9533844133333,5.35429112166667
50.9533875416667,5.354292065
50.9534043033333,5.35428103666667
50.9534263033333,5.354267495
50.9534481783333,5.35425520833333
50.9534712133333,5.35424610666667
50.9534944866667,5.354235145
50.9535153933333,5.35422354833333
50.9535382,5.35421306666667
50.9535608316667,5.35420211666667
50.9535830366667,5.35419188333333
50.95360575,5.35418046833333
50.9536289733333,5.354169745
50.9536521633333,5.354160255
50.9536756233333,5.35414794166667
50.9537003733333,5.35413997
50.953723235,5.35412800666667
50.9537474183333,5.35411816666667
50.95376988,5.354104115
50.9537922983333,5.35408921166667
50.9538163633333,5.35407972333333
50.9538387016667,5.35406849833333
50.95386145,5.35405657
50.9538853266667,5.35404436833333
50.9539084433333,5.35403438833333
50.9539308133333,5.35402205833333
50.953953715,5.35400946
50.95397772,5.35399915166667
50.9539996233333,5.35398645333333
50.9540223716667,5.35397668333333
50.9540445133333,5.35396417
50.9540673916667,5.35395129833333
50.9540901483333,5.35393973166667
50.9541120766667,5.353928125
50.9541355533333,5.35391614
50.9541592966667,5.35390592166667
50.95418247,5.35389545333333
50.954205145,5.35388373166667
50.9542284666667,5.35387192833333
50.954251865,5.35386002333333
50.9542742983333,5.353847105
50.9542972633333,5.353835255
50.95432078,5.35382248166667
50.9543440866667,5.35381058
50.9543676,5.35379931333333
50.9543913016667,5.353786695
50.9544147266667,5.353775635
50.9544391433333,5.353764815
50.9544613116667,5.35375197
50.9544849216667,5.35374281
50.9545067833333,5.35372855833333
50.9545289766667,5.35372542166667
50.9545509516667,5.35374323666667
50.9545720566667,5.353762865
50.9545927216667,5.35378329833333
50.95461275,5.35380243333333
50.9546336033333,5.35381869166667
50.9546537216667,5.35383716833333
50.954675455,5.35382651333333
50.9546871616667,5.35379609166667
50.9546821483333,5.35376225
50.9546647066667,5.353740545
50.9546433433333,5.35372745166667
50.9546212183333,5.35371584
50.9545998583333,5.35370273166667
50.9545790966667,5.35368440166667
50.9545601966667,5.35365798333333
50.954546855,5.35362541833333
50.9545340133333,5.35359162666667
50.954524355,5.35355587166667
50.95451457,5.35351897333333
50.9545070833333,5.35348160833333
50.9544989683333,5.35344438833333
50.9544918233333,5.35340764333333
50.95448475,5.35336924833333
50.9544781883333,5.353331335
50.9544707166667,5.35329600666667
50.95446343,5.35326015833333
50.9544557016667,5.35322315666667
50.9544479133333,5.35318758166667
50.9544410783333,5.35315055666667
50.9544330933333,5.353115165
50.9544264633333,5.35307926333333
50.9544191383333,5.35304351333333
50.9544119016667,5.35300744666667
50.9544034633333,5.35297222166667
50.9543963483333,5.35293708333333
50.9543892683333,5.35290240166667
50.954382465,5.352865605
50.9543750516667,5.35282901166667
50.9543681483333,5.35279296166667
50.9543609,5.352757905
50.9543533966667,5.35272085666667
50.9543465633333,5.352685745
50.9543398933333,5.35265074833333
50.95433213,5.35261431833333
50.9543246683333,5.35257798166667
50.9543175,5.35254226833333
50.95431021,5.35250837833333
50.95430297,5.35247166166667
50.9542948783333,5.35243903833333
50.95428792,5.35240091166667
50.9542806516667,5.35236565166667
50.954273825,5.35232809333333
50.954264845,5.35229210833333
50.954256615,5.3522566
50.9542500683333,5.35222068
50.95424235,5.35218478166667
50.9542337433333,5.352149865
50.954226185,5.352115295
50.9542195166667,5.35207854166667
50.9542115183333,5.35204271666667
50.954203535,5.352007875
50.9541970116667,5.35197169166667
50.95418987,5.35193621166667
50.95418242,5.35189910666667
50.9541744266667,5.35186462333333
50.9541668466667,5.35182920666667
50.954158635,5.35179394166667
50.9541510916667,5.3517576
50.95414423,5.35172184833333
50.9541374216667,5.35168580833333
50.9541308583333,5.35164902166667
50.9541230116667,5.35161315666667
50.9541159,5.35157901833333
50.9541089866667,5.351542525
50.954101865,5.35150569833333
50.9540936316667,5.35146994666667
50.9540862433333,5.351435055
50.954080145,5.35139883166667
50.95407261,5.35136240166667
50.9540652033333,5.35132653
50.9540592333333,5.35128929333333
50.9540522216667,5.351253105
50.95404402,5.351216695
50.95403688,5.35118221333333
50.9540295616667,5.35114873833333
50.9540232833333,5.351112245
50.9540158083333,5.35107664333333
50.9540084966667,5.35104163833333
50.9540008866667,5.35100780333333
50.9539941966667,5.35096915833333
50.9539855466667,5.35093256833333
50.9539782,5.35089712333333
50.9539714433333,5.35086223333333
50.95396404,5.35082504166667
50.9539576783333,5.35078920333333
50.95394927,5.35075163833333
50.9539414133333,5.35071589833333
50.9539338316667,5.35067921
50.95392725,5.35064387166667
50.9539192633333,5.35060850166667
50.95391292,5.350573225
50.95390503,5.35053966166667
50.9538976933333,5.350508305
50.9538926933333,5.35047255666667
50.95388946,5.35043481333333
50.9538855016667,5.35039767333333
50.953881705,5.35036126166667
50.95387598,5.35032515333333
50.9538652783333,5.35029193666667
50.9538482516667,5.35026638333333
50.9538277133333,5.350244375
50.9538072383333,5.35022423
50.9537861833333,5.35020439
50.953764855,5.35018427166667
50.95374349,5.35016603833333
50.9537222733333,5.35014636333333
50.9536998866667,5.35012686666667
50.9536786066667,5.35010886333333
50.95365817,5.35009098833333
50.9536368816667,5.35007250333333
50.9536152233333,5.35005346666667
50.953594045,5.35003588666667
50.9535731183333,5.35001663833333
50.95355094,5.34999973
50.9535294033333,5.34998164666667
50.95350749,5.349964035
50.9534863483333,5.34994803833333
50.953464765,5.34993074666667
50.95344296,5.34991303666667
50.953422325,5.34989580833333
50.9534017433333,5.34987948833333
50.9533802916667,5.34986313
50.9533593733333,5.34984617833333
50.9533395916667,5.34982705
50.9533194533333,5.349808695
50.9532979483333,5.34979077
50.9532768366667,5.34977528
50.953256165,5.34975849
50.9532356333333,5.349740565
50.9532144466667,5.34972337333333
50.953194025,5.34970547833333
50.9531740983333,5.34968774666667
50.953153215,5.34967007333333
50.953131855,5.34965460833333
50.953111525,5.34963877333333
50.9530910816667,5.34962085166667
50.9530697383333,5.34960286833333
50.9530495366667,5.34958625833333
50.953028935,5.34957093
50.9530077266667,5.34955270666667
50.952987735,5.34953369333333
50.952966485,5.34951578
50.952945795,5.34949963
50.9529252316667,5.349481465
50.9529032766667,5.349464845
50.9528818983333,5.34944919833333
50.9528612083333,5.34943095833333
50.9528406316667,5.349412335
50.9528193283333,5.34939614
50.9528005933333,5.34937940666667
50.95278031,5.34935687166667
50.9527594333333,5.349344365
50.95273309,5.34932499666667
50.952709425,5.349304845
50.9526886966667,5.34929651166667
50.952665195,5.34928868666667
50.9526410583333,5.34928746
50.9526179133333,5.34929402166667
50.9525942733333,5.34930176166667
50.95257016,5.34931096666667
50.95254701,5.34932105166667
50.952524385,5.34933117666667
50.9525018766667,5.34934028
50.9524785333333,5.34935291666667
50.9524554666667,5.3493643
50.9524328166667,5.34937625833333
50.9524096316667,5.34938584833333
50.9523856916667,5.34939605333333
50.95236269,5.34940712
50.952340935,5.34941939833333
50.9523185983333,5.34943306166667
50.952295495,5.34944622833333
50.9522741233333,5.34946117833333
50.9522527383333,5.349475715
50.9522322183333,5.34949413333333
50.9522210683333,5.34952457
50.9522260883333,5.34955946666667
50.9522389333333,5.34958878
50.95225532,5.34961882833333
50.9522704616667,5.34965021
50.9522836483333,5.34968211833333
50.95229734,5.34971542666667
50.9523102583333,5.34974924
50.95232227,5.34978266
50.9523321633333,5.349817215
50.95234391,5.349852145
50.9523565,5.34988550166667
50.952367885,5.34991771333333
50.9523790966667,5.34995121
50.95239033,5.34998660333333
50.9524023433333,5.350020305
50.9524132633333,5.35005331666667
50.9524243616667,5.350087625
50.9524350616667,5.35012228666667
50.95244632,5.35015556
50.952455945,5.35018931
50.9524657883333,5.35022481666667
50.952476215,5.35025891666667
50.95248667,5.350290375
50.952500505,5.35032088
50.9525127283333,5.35035349333333
50.95252619,5.35038552166667
50.9525401366667,5.35041643666667
50.9525536433333,5.350449055
50.95256824,5.35048165666667
50.952581675,5.35051410833333
50.9525955483333,5.350546555
50.9526085983333,5.35058164666667
50.9526166616667,5.350615455
50.9526274483333,5.35064939833333
50.9526375716667,5.35067838833333
50.9526474916667,5.35071028
50.9526563666667,5.35074292166667
50.95266172,5.350776955
50.952654745,5.35081202166667
50.9526325733333,5.350828345
50.9526081483333,5.35082684833333
50.9525837283333,5.35082259
50.952559475,5.35081329333333
50.9525362316667,5.35080532166667
50.9525127633333,5.35079799166667
50.9524890016667,5.35079141166667
50.9524649333333,5.350783905
50.9524411716667,5.350777025
50.9524181433333,5.35076902
50.952395655,5.35076112666667
50.9523723466667,5.35075367666667
50.952349495,5.35074648
50.9523252466667,5.35073767
50.9523015633333,5.350727275
50.9522771433333,5.35071912833333
50.9522529716667,5.35071112
50.95222914,5.35070226666667
50.9522060516667,5.35069380666667
50.9521812716667,5.35068680666667
50.9521577,5.350681175
50.952134595,5.35067653166667
50.9523624183333,5.3517595
50.95237542,5.35172695333333
50.9523886566667,5.35169485666667
50.9524013116667,5.35166321166667
50.9524144033333,5.35163178166667
50.95242601,5.351598525
50.9524403166667,5.35156654333333
50.9524522133333,5.35153400166667
50.9524650166667,5.35150104166667
50.9524770283333,5.35146796666667
50.9524901933333,5.35143366166667
50.95250413,5.3513992
50.95251806,5.35136643666667
50.9525325433333,5.35133235333333
50.9525453983333,5.35129743166667
50.952558105,5.35126817166667
50.9525704866667,5.35123571666667
50.95258234,5.35120291833333
50.9525950916667,5.35116800666667
50.9526076666667,5.35113572166667
50.952619715,5.35110293666667
50.9526307766667,5.35107044333333
50.9526479633333,5.35104476
50.9526644833333,5.35105356833333
50.952673155,5.35108758333333
50.9526799266667,5.351122615
50.9526874616667,5.351157445
50.95269581,5.351193155
50.9527031916667,5.351229475
50.95270974,5.35126466
50.95271826,5.35129865833333
50.9527262116667,5.351334675
50.952732815,5.35137189
50.9527388533333,5.351408285
50.9527434916667,5.35144499666667
50.95275146,5.35148126
50.9527597166667,5.35151754833333
50.9527678183333,5.35155281
50.95277487,5.35158972
50.95278152,5.35162696833333
50.9527889366667,5.351662735
50.9527953916667,5.35169916
50.95280273,5.35173583166667
50.9528108583333,5.35177238666667
50.9528184183333,5.35180863333333
50.952825995,5.35184550666667
50.9528331233333,5.351883755
50.9528403833333,5.35192102333333
50.9528489133333,5.35195722833333
50.9528565683333,5.35199392666667
50.9528645766667,5.352030865
50.952871775,5.35206873166667
50.9528814,5.35210518833333
50.95289169,5.35213989833333
50.9529022783333,5.35217281666667
50.9529117566667,5.35220643833333
50.95292033,5.35223188
50.9529236933333,5.352247825
50.9529250933333,5.35224959833333
50.9529389416667,5.35227761833333
50.9529493166667,5.35231823
50.952959715,5.35235591333333
50.9529685183333,5.35239375666667
50.9529762366667,5.35243250666667
50.9529823466667,5.35246863666667
50.952990415,5.35250427166667
50.9529985366667,5.35253999833333
50.953005145,5.35257796
50.953011275,5.35261647
50.9530166533333,5.35265332333333
50.9530151933333,5.35269327
50.9530145233333,5.35273166166667
50.9530181333333,5.35276545333333
50.9530235966667,5.35280256
50.9530305433333,5.35283901166667
50.9530380116667,5.35287610833333
50.9530465016667,5.35291491833333
50.953053155,5.352951325
50.9530601666667,5.35298840833333
50.9530672083333,5.35302537833333
50.95307458,5.353063825
50.953083615,5.35309891166667
50.9530913716667,5.35313173666667
50.95309881,5.353168325
50.9531058666667,5.35320455666667
50.95311827,5.35323281333333
50.9531401133333,5.35324933333333
50.95316245,5.35326551333333
50.9531779033333,5.35329627666667
50.9531873383333,5.35333377
50.9531949633333,5.35336977
50.95320138,5.353408455
50.953208745,5.35344624
50.9532171783333,5.35348143
50.9532252883333,5.353516565
50.9532318083333,5.35355275333333
50.95323883,5.35358977833333
50.953245485,5.35362611666667
50.9532527566667,5.35366185
50.953259665,5.35369886666667
50.95326685,5.35373458333333
50.9532751566667,5.3537703
50.9532833266667,5.35380615
50.9532913733333,5.35384297666667
50.95329793,5.353879575
50.9533042483333,5.35391594166667
50.95331128,5.353952455
50.953318485,5.35399000666667
50.9533252616667,5.35402691333333
50.9533336116667,5.354062875
50.9533404816667,5.35409968666667
50.95334833,5.35413656166667
50.9533539633333,5.35417244666667
50.95336165,5.35420730166667
50.9533690233333,5.35424378166667
50.9533714266667,5.35427942
50.95336324,5.35431474333333
50.953348545,5.35434474
50.95332993,5.35437054
50.95330954,5.35439341166667
50.9532908883333,5.35441564
50.95327115,5.354437455
50.9532516266667,5.35446120666667
50.9532323083333,5.354483275
50.9532108016667,5.35449954833333
50.953189435,5.35451529
50.9531670883333,5.35453002
50.9531449433333,5.35454230666667
50.9531218933333,5.354554905
50.9530992016667,5.35456787166667
50.95307597,5.35458016666667
50.9530526416667,5.35459166333333
50.9530297566667,5.35460341
50.9530064916667,5.35461663333333
50.9529825183333,5.35463021833333
50.9529588233333,5.35464026
50.952934985,5.3546506
50.9529118166667,5.35466430666667
50.9528876216667,5.35467654333333
50.95286368,5.35468796
50.9528403166667,5.35469984166667
50.9528169266667,5.35471514833333
50.95279352,5.35472670333333
50.95277051,5.354739745
50.9527465883333,5.35475095833333
50.9527230783333,5.35476321
50.9526993066667,5.35477540166667
50.9526761916667,5.354786955
50.952652545,5.35479718333333
50.952628245,5.35480899666667
50.9526048133333,5.35482228
50.95258166,5.35483305166667
50.9525594366667,5.35484556333333
50.95253532,5.35485693166667
50.9525133016667,5.35486944833333
50.95249236,5.35488287333333
50.952479135,5.35490294333333
50.9524806566667,5.35494102833333
50.95248318,5.35497138166667
50.952478715,5.35500104333333
50.9524787166667,5.35500107
50.95247871,5.35500107166667
50.9524787233333,5.35500106166667
50.9524787233333,5.355001055
50.9524787283333,5.35500105166667
50.9524787366667,5.35500106
50.952478775,5.35500125833333
50.9524789133333,5.35500204833333
50.952479235,5.35500390166667
50.9524797966667,5.35500645166667
50.95248043,5.355010175
50.952481295,5.355014735
50.95248236,5.35502015333333
50.9524836,5.35502653166667
50.9524848783333,5.35503358
50.952486295,5.35504118
50.952487755,5.35504898
50.95248927,5.35505673166667
50.9524907483333,5.35506444
50.9524921066667,5.35507219333333
50.9524934783333,5.35508021
50.9524951316667,5.35508812
50.952497075,5.355095925
50.9524993483333,5.35510357833333
50.952502005,5.35511083666667
50.95250489,5.355117755
50.95250814,5.35512423833333
50.9525118516667,5.35513024666667
50.9525158883333,5.355135645
50.9525202883333,5.35514034833333
50.9525251366667,5.35514422833333
50.9525303283333,5.35514760333333
50.9525357483333,5.35515007833333
50.952541405,5.35515170333333
50.95254726,5.355152425
50.9525532433333,5.35515236333333
50.9525591633333,5.35515172833333
50.9525651583333,5.35515034
50.9525711266667,5.35514811666667
50.952577195,5.35514552666667
50.9525833083333,5.35514261166667
50.9525894016667,5.35513944666667
50.95259568,5.35513621666667
50.9526021983333,5.35513309
50.9526089966667,5.35512954333333
50.9526161283333,5.35512574833333
50.9526235016667,5.35512171
50.9526311233333,5.355117505
50.9526390283333,5.35511311333333
50.9526470733333,5.35510852333333
50.95265531,5.35510378666667
50.9526638283333,5.35509916666667
50.9526726033333,5.35509452
50.9526815383333,5.35508978333333
50.9526906366667,5.35508483333333
50.9526999316667,5.35507980666667
50.9527093,5.35507462666667
50.95271874,5.35506938833333
50.952728345,5.35506405
50.9527380466667,5.35505860333333
50.95274796,5.3550531
50.952757915,5.355047545
50.9527679116667,5.355041955
50.9527779783333,5.35503633
50.952788105,5.35503057666667
50.9527982416667,5.35502487166667
50.9528084366667,5.35501913
50.9528186116667,5.35501342
50.95282878,5.35500773
50.952838945,5.35500209
50.952849135,5.35499644666667
50.9528593383333,5.35499078833333
50.9528695266667,5.354985175
50.95287972,5.35497953
50.9528899166667,5.35497387333333
50.95290012,5.35496825333333
50.9529102683333,5.35496268833333
50.95292031,5.35495720666667
50.9529303583333,5.35495169
50.9529404283333,5.35494621333333
50.9529504533333,5.35494076666667
50.9529604033333,5.354935395
50.9529701916667,5.354930115
50.95297992,5.35492489666667
50.952989545,5.35491974833333
50.9529990616667,5.35491464166667
50.95300846,5.35490963666667
50.9530177333333,5.35490477833333
50.95302672,5.354899965
50.9530355283333,5.35489531
50.9530442533333,5.354890675
50.95305268,5.354886155
50.9530609866667,5.35488178666667
50.9530688883333,5.35487749
50.953076565,5.354873425
50.9530839666667,5.354869545
50.9530911983333,5.354865635
50.953098315,5.35486201666667
50.953105335,5.35485873333333
50.95311224,5.354855505
50.9531189416667,5.354852925
50.9531254816667,5.354850995
50.953131735,5.354849785
50.9531378033333,5.35484919166667
50.9531436283333,5.35484929
50.9531493633333,5.35484996333333
50.9531548633333,5.35485156333333
50.9531602766667,5.35485383833333
50.9531652366667,5.35485681833333
50.9531701333333,5.35486053833333
50.9531746316667,5.35486473
50.95317876,5.354869525
50.9531826233333,5.35487485833333
50.9531861583333,5.35488049833333
50.9531892333333,5.35488640333333
50.95319193,5.35489268833333
50.9531945483333,5.35489938833333
50.9531969883333,5.35490665333333
50.953199305,5.35491455166667
50.953201255,5.35492289666667
50.9532032516667,5.35493158833333
50.9532053,5.354940435
50.9532074616667,5.35494937166667
50.953209545,5.35495848333333
50.95321154,5.35496770166667
50.9532134933333,5.35497693166667
50.9532153433333,5.35498610666667
50.9532171416667,5.35499523
50.95321879,5.35500427666667
50.9532202483333,5.35501315
50.9532216266667,5.35502189833333
50.9532229366667,5.35503051666667
50.9532240616667,5.35503901833333
50.9532247966667,5.35504742833333
50.9532251833333,5.35505571833333
50.95322519,5.355063935
50.9532247916667,5.35507210166667
50.9532240683333,5.355080145
50.9532229783333,5.355088045
50.9532212,5.355095595
50.9532190516667,5.35510282
50.9532163733333,5.35510951833333
50.9532133016667,5.35511561833333
50.9532099833333,5.35512107833333
50.95320612,5.35512615
50.9532018116667,5.35513079666667
50.95319721,5.35513521
50.9531923733333,5.355139435
50.9531871583333,5.35514305
50.95318157,5.35514644666667
50.95317569,5.35514997166667
50.9531694333333,5.355153245
50.953162785,5.355156315
50.9531556916667,5.35515946666667
50.9531483483333,5.355163115
50.9531406916667,5.35516658166667
50.953132845,5.35517016
50.9531248166667,5.35517402333333
50.9531166383333,5.35517790666667
50.9531083083333,5.35518188666667
50.953099865,5.35518595166667
50.9530913033333,5.35519013333333
50.9530826116667,5.35519434
50.9530738016667,5.355198695
50.9530649,5.35520309833333
50.9530559066667,5.35520753666667
50.95304679,5.355212065
50.9530376166667,5.35521670333333
50.95302841,5.355221335
50.9530191233333,5.35522606166667
50.95300985,5.35523084166667
50.9530004333333,5.35523565166667
50.952990955,5.35524048166667
50.952981435,5.35524536833333
50.9529719066667,5.35525041333333
50.952962295,5.35525545833333
50.9529526533333,5.35526055833333
50.9529429283333,5.35526560666667
50.9529331933333,5.355270595
50.952923485,5.35527569166667
50.9529136783333,5.35528066
50.9529038783333,5.35528559666667
50.95289402,5.35529050833333
50.9528841516667,5.355295435
50.9528743083333,5.35530033666667
50.95286439,5.35530517666667
50.9528544866667,5.35531002333333
50.9528445866667,5.35531489166667
50.9528346183333,5.35531971333333
50.9528247033333,5.35532452333333
50.9528147383333,5.355329335
50.9528048083333,5.35533418
50.95279484,5.355339085
50.952784855,5.35534396666667
50.9527748516667,5.3553489
50.9527648,5.35535385333333
50.952754775,5.35535882166667
50.9527447983333,5.35536381166667
50.9527349233333,5.35536869
50.9527250616667,5.35537363833333
50.95271521,5.35537857666667
50.9527053216667,5.35538351
50.952695525,5.355388485
50.9526857866667,5.35539336666667
50.9526762066667,5.35539816666667
50.952666785,5.35540298333333
50.9526573183333,5.35540765166667
50.95264789,5.35541233833333
50.95263837,5.35541694666667
50.9526288183333,5.35542155166667
50.9526192133333,5.35542621166667
50.95260953,5.35543076666667
50.9525998266667,5.35543533
50.95259007,5.35543987166667
50.9525802633333,5.355444535
50.9525703233333,5.35544921833333
50.9525603583333,5.35545395166667
50.95255045,5.35545873833333
50.9525406666667,5.35546344833333
50.95253107,5.35546813833333
50.9525216616667,5.35547275666667
50.9525122983333,5.35547735666667
50.9525030516667,5.35548199
50.9524936833333,5.35548667166667
50.9524843616667,5.35549150666667
50.95247498,5.35549643666667
50.952465555,5.35550139166667
50.9524561083333,5.35550643333333
50.9524466516667,5.35551152166667
50.95243728,5.35551662
50.952428045,5.35552172166667
50.952419,5.35552676166667
50.9524101316667,5.35553179666667
50.9524015066667,5.35553666
50.9523930133333,5.35554124333333
50.95238455,5.35554569333333
50.95237614,5.35555003666667
50.95236773,5.35555435666667
50.952359275,5.355558575
50.9523508,5.35556289666667
50.9523423716667,5.355567175
50.9523339916667,5.35557144666667
50.95232565,5.35557565666667
50.95231738,5.35557980166667
50.9523091783333,5.35558393666667
50.952300975,5.35558803
50.9522927983333,5.35559208166667
50.952284675,5.355596135
50.95227656,5.355600125
50.952268485,5.355604085
50.9522604683333,5.35560804666667
50.9522525,5.35561198
50.95224454,5.35561587
50.9522365983333,5.35561971
50.95222874,5.35562346666667
50.95222098,5.35562724
50.9522131466667,5.35563094
50.95220542,5.35563469166667
50.95219766,5.35563839
50.9521900166667,5.355642135
50.9521824166667,5.35564575166667
50.9521750016667,5.355649345
50.9521676883333,5.35565280833333
50.95216051,5.35565624333333
50.9521533716667,5.35565955
50.9521463266667,5.355662875
50.9521392766667,5.35566612
50.9521323933333,5.35566929666667
50.95212561,5.35567248333333
50.95211894,5.35567556833333
50.9521124466667,5.35567853
50.9521060683333,5.35568148333333
50.9520998183333,5.35568439666667
50.9520937116667,5.35568719
50.95208784,5.35568989833333
50.9520821483333,5.35569254
50.9520766633333,5.35569513833333
50.9520713733333,5.35569785833333
50.9520664233333,5.35570101833333
50.9520619833333,5.35570476833333
50.9520579166667,5.35570905
50.9520542633333,5.35571371666667
50.9520509766667,5.35571869166667
50.9520480916667,5.35572414166667
50.9520456016667,5.35573020666667
50.9520433816667,5.35573654666667
50.95204164,5.355743445
50.9520403416667,5.35575095333333
50.9520394283333,5.35575881833333
50.9520391083333,5.35576705166667
50.9520392033333,5.35577535166667
50.952039585,5.355783615
50.952040375,5.35579188
50.9520416916667,5.35580023333333
50.95204303,5.35580862333333
50.9520444866667,5.35581706166667
50.9520462483333,5.35582556166667
50.9520480283333,5.35583421166667
50.9520497083333,5.35584305166667
50.9520514933333,5.35585196333333
50.952053215,5.355860775
50.952055005,5.35586951833333
50.9520567683333,5.35587822833333
50.95205852,5.35588690166667
50.9520602233333,5.355895415
50.95206187,5.35590370833333
50.9520635066667,5.35591159333333
50.952065045,5.355919235
50.9520665233333,5.355926585
50.9520679783333,5.35593362333333
50.9520693833333,5.355940565
50.95207086,5.355947455
50.9520726516667,5.35595443833333
50.9520750566667,5.35596128
50.952077955,5.35596776
50.952081505,5.355973605
50.9520854683333,5.35597873
50.9520899466667,5.35598313
50.95209514,5.355986555
50.952100775,5.35598884833333
50.9521068,5.355989855
50.9521130033333,5.35598988333333
50.9521192383333,5.35598912833333
50.9521255766667,5.35598756666667
50.952131855,5.35598526333333
50.9521381833333,5.35598275333333
50.9521447033333,5.35597951333333
50.9521513933333,5.35597630166667
50.95215835,5.35597313333333
50.952165565,5.35596992833333
50.9521730666667,5.35596652
50.9521807766667,5.35596291333333
50.952188835,5.35595896
50.9521970933333,5.355954945
50.952205505,5.35595064833333
50.9522142066667,5.35594611666667
50.9522229533333,5.355941435
50.95223172,5.35593665833333
50.9522407533333,5.35593178166667
50.9522498333333,5.355926745
50.9522589633333,5.35592164833333
50.9522681733333,5.35591653166667
50.952277355,5.35591133666667
50.9522867416667,5.35590601666667
50.9522961733333,5.35590062
50.9523055866667,5.35589529
50.95231512,5.35588984
50.9523247466667,5.35588443666667
50.95233442,5.35587920166667
50.9523441683333,5.35587404833333
50.952354005,5.35586915666667
50.9523639283333,5.35586433666667
50.9523739333333,5.35585983166667
50.95238405,5.35585557
50.9523941983333,5.35585149333333
50.95240428,5.355847395
50.9524144783333,5.35584318
50.9524246616667,5.35583884833333
50.952434815,5.35583437
50.952444845,5.35582982166667
50.9524547566667,5.355825245
50.9524645183333,5.35582063
50.95247423,5.35581598333333
50.952483845,5.35581127833333
50.9524934033333,5.355806525
50.95250288,5.35580173166667
50.9525123466667,5.35579695
50.9525218916667,5.35579213
50.9525314783333,5.35578720833333
50.9525410983333,5.355782215
50.9525507333333,5.35577718
50.952560495,5.35577202666667
50.9525702783333,5.355766825
50.9525801083333,5.355761665
50.9525900566667,5.35575647166667
50.9526001083333,5.355751215
50.9526102316667,5.35574593833333
50.9526204616667,5.35574054833333
50.9526307116667,5.35573519833333
50.952641085,5.35572974166667
50.95265152,5.35572425166667
50.9526620033333,5.35571876
50.9526725366667,5.35571321833333
50.952683075,5.35570759166667
50.9526935716667,5.35570207
50.952704185,5.35569651
50.9527148616667,5.3556909
50.95272559,5.35568525
50.9527363816667,5.35567951
50.9527471216667,5.35567375666667
50.9527579133333,5.35566801166667
50.9527687433333,5.35566226333333
50.9527797133333,5.35565644166667
50.9527906016667,5.35565062166667
50.9528015,5.35564473166667
50.9528123983333,5.3556389
50.9528233366667,5.35563296
50.9528342966667,5.35562702166667
50.9528452566667,5.35562109666667
50.95285626,5.35561515
50.9528673,5.35560914
50.9528783516667,5.355603075
50.9528893166667,5.355597045
50.9529003833333,5.35559094666667
50.9529114283333,5.355584855
50.952922475,5.35557879833333
50.9529335233333,5.35557275166667
50.9529445433333,5.35556674333333
50.95295559,5.35556078
50.9529666083333,5.35555493666667
50.952977615,5.35554918833333
50.95298861,5.35554354166667
50.9529996366667,5.35553797333333
50.95301065,5.35553246833333
50.9530216683333,5.35552707333333
50.95303269,5.35552164833333
50.9530436316667,5.35551633
50.95305448,5.35551103
50.9530652116667,5.355505865
50.95307582,5.35550072333333
50.9530861933333,5.35549571333333
50.9530963916667,5.35549079
50.9531064066667,5.355485955
50.95311625,5.35548123166667
50.9531259516667,5.35547653166667
50.953135495,5.35547196833333
50.95314488,5.35546746333333
50.9531540933333,5.35546307833333
50.9531631383333,5.35545870833333
50.9531720216667,5.35545445166667
50.9531807366667,5.35545028833333
50.9531891933333,5.35544626
50.9531973033333,5.35544239333333
50.95320508,5.355438735
50.9532124333333,5.35543525
50.9532194566667,5.35543191
50.95322619,5.355428715
50.95323278,5.35542554666667
50.9532391933333,5.355422595
50.9532455783333,5.35541992666667
50.9532518,5.35541808333333
50.95325802,5.35541709833333
50.95326416,5.355416785
50.953270125,5.355417655
50.9532759233333,5.35541940333333
50.9532814383333,5.35542220333333
50.9532866783333,5.35542607
50.9532916983333,5.35543077666667
50.9532963766667,5.35543642833333
50.9533009083333,5.355442965
50.9533049166667,5.35545025166667
50.95330838,5.35545804666667
50.95331154,5.35546619
50.9533143483333,5.355474825
50.9533167366667,5.35548390333333
50.953318925,5.35549336166667
50.9533212666667,5.35550279833333
50.9533234583333,5.35551243
50.9533254583333,5.35552215833333
50.95332749,5.35553191833333
50.9533295166667,5.35554158333333
50.953331445,5.35555116666667
50.9533331466667,5.35556060166667
50.95333472,5.35556992
50.953336125,5.35557911666667
50.953337275,5.355588185
50.9533382366667,5.35559723833333
50.9533391366667,5.35560603666667
50.9533395583333,5.35561485166667
50.953339625,5.355623445
50.9533392483333,5.35563193833333
50.9533385333333,5.35564025666667
50.9533373616667,5.35564829166667
50.9533357166667,5.35565593833333
50.95333355,5.35566313833333
50.9533307833333,5.35567005666667
50.9533276416667,5.35567683833333
50.95332406,5.35568333333333
50.9533200566667,5.35568938166667
50.9533155583333,5.35569513
50.9533106583333,5.35570027333333
50.953305455,5.35570472666667
50.9532999466667,5.355708755
50.9532940933333,5.355712605
50.9532878566667,5.35571598833333
50.95328137,5.35571939666667
50.9532745383333,5.35572328166667
50.9532673666667,5.35572709
50.953259895,5.35573107
50.9532522233333,5.355735335
50.953244375,5.35573962666667
50.95323641,5.35574394666667
50.9532283266667,5.35574834833333
50.9532201466667,5.35575263166667
50.9532118283333,5.35575671166667
50.9532033516667,5.35576059
50.9531947983333,5.35576427
50.9531861816667,5.35576804833333
50.953177505,5.355771965
50.9531687516667,5.35577580666667
50.953159935,5.35577968333333
50.9531510533333,5.35578358333333
50.9531422083333,5.35578763833333
50.953133295,5.35579176333333
50.9531243316667,5.35579594833333
50.9531153516667,5.35580025833333
50.9531063566667,5.35580467833333
50.9530973583333,5.35580917166667
50.9530883316667,5.35581375166667
50.9530793283333,5.35581839833333
50.9530703116667,5.355823055
50.9530612766667,5.35582774
50.9530521933333,5.35583237
50.95304315,5.35583701333333
50.9530341066667,5.355841675
50.9530250266667,5.35584631
50.953015965,5.35585093166667
50.9530068933333,5.355855525
50.952997845,5.35586014166667
50.9529887516667,5.35586469333333
50.9529796833333,5.35586917166667
50.952970605,5.35587362166667
50.9529615116667,5.35587794833333
50.9529523783333,5.355882195
50.9529432583333,5.35588661166667
50.9529341466667,5.35589100833333
50.9529250616667,5.355895415
50.95291602,5.3558998
50.9529069966667,5.35590421166667
50.95289796,5.35590866166667
50.9528889433333,5.35591314666667
50.9528799233333,5.35591771166667
50.9528709166667,5.35592229
50.9528619183333,5.355926995
50.9528529766667,5.355931605
50.9528440183333,5.35593624333333
50.95283508,5.35594087
50.9528261433333,5.35594546166667
50.9528172083333,5.35595008333333
50.95280828,5.35595471166667
50.9527993283333,5.35595932333333
50.95279037,5.35596394833333
50.9527813033333,5.35596857833333
50.952772185,5.35597324333333
50.952763075,5.35597798166667
50.95275394,5.35598273833333
50.952744755,5.35598744666667
50.9527354766667,5.35599220166667
50.95272607,5.355996895
50.9527166766667,5.35600185166667
50.9527072166667,5.35600678333333
50.9526976683333,5.35601174333333
50.9526880233333,5.35601672666667
50.9526783316667,5.35602175
50.95266852,5.35602680833333
50.9526586966667,5.35603192833333
50.9526488116667,5.35603704666667
50.9526388666667,5.35604222
50.9526289066667,5.35604741
50.9526189316667,5.35605265
50.9526088433333,5.35605788
50.9525988233333,5.35606312666667
50.9525886766667,5.35606837
50.9525785433333,5.35607358333333
50.9525683933333,5.35607882333333
50.9525582933333,5.35608403
50.952548195,5.356089215
50.9525381016667,5.35609442
50.9525280133333,5.35609957333333
50.9525179833333,5.35610472166667
50.952507995,5.35610984
50.9524980366667,5.35611489666667
50.95248814,5.35611992
50.9524783033333,5.356124945
50.9524684333333,5.35612998833333
50.9524586133333,5.35613498333333
50.9524488233333,5.35613992166667
50.9524391,5.35614481166667
50.9524294183333,5.35614967166667
50.9524197,5.35615450333333
50.9524100433333,5.3561593
50.9524005316667,5.35616405833333
50.9523910666667,5.35616878
50.952381675,5.356173345
50.9523723966667,5.35617794166667
50.9523632366667,5.35618242166667
50.9523541883333,5.35618684666667
50.9523452616667,5.35619121333333
50.95233646,5.35619543833333
50.9523277183333,5.356199675
50.95231907,5.35620387666667
50.9523104533333,5.35620796666667
50.9523019816667,5.35621206833333
50.9522936133333,5.35621611833333
50.9522853516667,5.35621998666667
50.9522772983333,5.35622384
50.9522693983333,5.356227635
50.9522617266667,5.35623135666667
50.9522541283333,5.356235005
50.9522467316667,5.356238545
50.9522395,5.35624201
50.95223248,5.35624534666667
50.9522258033333,5.35624854333333
50.9522193766667,5.35625164666667
50.9522133833333,5.356254535
50.9522075883333,5.35625733666667
50.9522019033333,5.35626005166667
50.95219632,5.35626276833333
50.9521907833333,5.35626564666667
50.9521853183333,5.35626910666667
50.9521802816667,5.35627370333333
50.9521755183333,5.35627908333333
50.952171275,5.35628494
50.9521674266667,5.35629129666667
50.9521641616667,5.35629818
50.9521613816667,5.35630554166667
50.9521592516667,5.35631310333333
50.9521577383333,5.356320925
50.9521566966667,5.35632885333333
50.9521561433333,5.35633694333333
50.9521561366667,5.35634529333333
50.9521565116667,5.35635411833333
50.9521572033333,5.35636324
50.9521583966667,5.356372615
50.9521599533333,5.35638183166667
50.9521615516667,5.35639099833333
50.9521633333333,5.35639993666667
50.952165305,5.35640880333333
50.9521673033333,5.35641756833333
50.9521692316667,5.356426315
50.9521710783333,5.35643515
50.95217293,5.35644389
50.952174825,5.35645266
50.95217683,5.35646160166667
50.9521787533333,5.35647060333333
50.952180695,5.356479445
50.95218274,5.356488105
50.9521846933333,5.35649647
50.9521866616667,5.35650471833333
50.95218866,5.35651276166667
50.9521908933333,5.35652049666667
50.952193485,5.35652786666667
50.9521964483333,5.35653460166667
50.9521997816667,5.35654068666667
50.952203475,5.35654605333333
50.9522073333333,5.3565508
50.952211615,5.35655478333333
50.9522165216667,5.35655798333333
50.9522217233333,5.35656048333333
50.952227295,5.35656201333333
50.9522333083333,5.35656267666667
50.9522394533333,5.356562545
50.952245865,5.35656140833333
50.952252245,5.356559645
50.95225856,5.35655744833333
50.9522648966667,5.356554525
50.9522712333333,5.35655123166667
50.95227767,5.35654764333333
50.9522840333333,5.356543785
50.9522905366667,5.35653970666667
50.9522971866667,5.35653547
50.952303805,5.356531275
50.9523106433333,5.35652730833333
50.9523175266667,5.35652338833333
50.9523246366667,5.35651945166667
50.9523319,5.35651542333333
50.952339435,5.356511365
50.9523467766667,5.3565074
50.9523544016667,5.35650347333333
50.9523621733333,5.356499295
50.952370195,5.35649507666667
50.9523782766667,5.35649079166667
50.9523863183333,5.35648651166667
50.952394465,5.356482185
50.95240268,5.35647783
50.9524109183333,5.356473485
50.9524191266667,5.356469125
50.9524275766667,5.35646464833333
50.95243588,5.356460245
50.9524442116667,5.35645592333333
50.9524526466667,5.35645145166667
50.95246108,5.35644700333333
50.9524696383333,5.356442465
50.9524781766667,5.35643790333333
50.95248675,5.35643334
50.9524953416667,5.35642878166667
50.9525039566667,5.35642422
50.9525126266667,5.35641958166667
50.9525213266667,5.35641499666667
50.95253013,5.35641037166667
50.9525390233333,5.35640572833333
50.952548055,5.35640103166667
50.9525571133333,5.35639633166667
50.9525663366667,5.35639152833333
50.9525756433333,5.35638665833333
50.9525850583333,5.35638173833333
50.9525945,5.35637671
50.9526040433333,5.35637158666667
50.9526135716667,5.35636637333333
50.9526231733333,5.356361165
50.9526328083333,5.356355955
50.95264248,5.35635089
50.9526522116667,5.35634592666667
50.95266198,5.35634110833333
50.952671785,5.35633645833333
50.9526816966667,5.35633189666667
50.9526915933333,5.35632748833333
50.9527015566667,5.356323125
50.95271156,5.35631868666667
50.9527215833333,5.35631421166667
50.95273162,5.35630972
50.9527417466667,5.35630512833333
50.952751955,5.35630046166667
50.9527621966667,5.35629574833333
50.9527725316667,5.35629105
50.952782905,5.35628622833333
50.9527933683333,5.356281255
50.95280387,5.35627615333333
50.95281441,5.35627106
50.952824975,5.35626586833333
50.95283559,5.35626060833333
50.9528462116667,5.35625522666667
50.9528568933333,5.356249815
50.9528675816667,5.35624428
50.9528782683333,5.35623870333333
50.952888995,5.35623302166667
50.9528997683333,5.35622723833333
50.952910565,5.35622145166667
50.9529213766667,5.35621581666667
50.952932295,5.35621028333333
50.952943235,5.35620476166667
50.9529541833333,5.35619927333333
50.9529651383333,5.3561938
50.952976125,5.35618838666667
50.952987135,5.35618293833333
50.9529981216667,5.35617758166667
50.953009175,5.356172095
50.9530202516667,5.35616658166667
50.9530313283333,5.35616102833333
50.95304248,5.35615543166667
50.953053565,5.35614980166667
50.9530646833333,5.35614414333333
50.95307579,5.35613845833333
50.9530868716667,5.35613273666667
50.9530979816667,5.35612700166667
50.9531090616667,5.35612123666667
50.9531201733333,5.35611545666667
50.9531313033333,5.35610960666667
50.9531423983333,5.35610376166667
50.95315351,5.35609787833333
50.9531646483333,5.35609196666667
50.953175745,5.35608608333333
50.9531867983333,5.35608017166667
50.9531979016667,5.35607417833333
50.9532089483333,5.35606828666667
50.95321991,5.35606253166667
50.9532308016667,5.35605725166667
50.9532416016667,5.35605230833333
50.9532521966667,5.35604746166667
50.9532626283333,5.35604269666667
50.953272775,5.35603795666667
50.9532825966667,5.35603333833333
50.9532920433333,5.35602889333333
50.9533010466667,5.35602461833333
50.9533096433333,5.35602056333333
50.9533178283333,5.35601671333333
50.9533256116667,5.35601304333333
50.9533329283333,5.35600953666667
50.953339945,5.35600622166667
50.953346735,5.356002965
50.9533533983333,5.355999795
50.9533599233333,5.35599666833333
50.9533662666667,5.35599357
50.9533724166667,5.35598985166667
50.9533781066667,5.355985225
50.9533835233333,5.35597980833333
50.9533885383333,5.355973285
50.9533926783333,5.355966295
50.9533962833333,5.355958385
50.9533992733333,5.35594985666667
50.9534013616667,5.35594092333333
50.9534029483333,5.35593160666667
50.9534038883333,5.35592224333333
50.9534041516667,5.35591295333333
50.953403505,5.35590402
50.9534023783333,5.35589504
50.9534012083333,5.355885975
50.9533999133333,5.35587695833333
50.953398275,5.35586805666667
50.95339626,5.35585941
50.9533941933333,5.35585084833333
50.953392055,5.35584225166667
50.95338985,5.35583363833333
50.9533875666667,5.355824975
50.9533852383333,5.35581617
50.953383005,5.35580714333333
50.9533806883333,5.35579776833333
50.9533783116667,5.35578801333333
50.9533759016667,5.35577779666667
50.95337342,5.35576715333333
50.9533708633333,5.35575605166667
50.9533682016667,5.35574454833333
50.9533655366667,5.35573270833333
50.95336277,5.355720495
50.9533599716667,5.355708015
50.9533571033333,5.35569522
50.95335412,5.35568218833333
50.9533511283333,5.35566888333333
50.953348025,5.35565530833333
50.953344955,5.35564147333333
50.9533417816667,5.35562740333333
50.9533385566667,5.35561305
50.95333527,5.35559849333333
50.9533319383333,5.35558369
50.953328545,5.355568685
50.95332519,5.35555344666667
50.95332181,5.35553807666667
50.9533183633333,5.35552256333333
50.9533149766667,5.35550699
50.9533115916667,5.35549137
50.9533082316667,5.35547572
50.9533048716667,5.35546004166667
50.953301525,5.35544434166667
50.9532982,5.35542856333333
50.9532948366667,5.35541275666667
50.9532915333333,5.35539686
50.9532881616667,5.35538093333333
50.9532848033333,5.35536494833333
50.9532814533333,5.35534894666667
50.953278095,5.35533299833333
50.9532747783333,5.35531706166667
50.9532714983333,5.35530116666667
50.9532682266667,5.35528533333333
50.95326502,5.35526954833333
50.95326179,5.35525387
50.953258615,5.35523828
50.9532554983333,5.35522282166667
50.95325246,5.355207465
50.9532494583333,5.35519225333333
50.9532464933333,5.35517714
50.9532435633333,5.3551622
50.9532406616667,5.355147375
50.953237825,5.35513281
50.9532350166667,5.355118525
50.9532323416667,5.355104525
50.953229715,5.35509080666667
50.9532270916667,5.35507729666667
50.9532245783333,5.35506396333333
50.9532220183333,5.35505084666667
50.9532195466667,5.35503794
50.953217155,5.35502522166667
50.9532148483333,5.35501272
50.953212565,5.35500035833333
50.9532103416667,5.35498822833333
50.953208115,5.354976275
50.9532058583333,5.354964625
50.953203735,5.35495320833333
50.9532016016667,5.35494213
50.9531995566667,5.35493142666667
50.9531975033333,5.35492099166667
50.9531954666667,5.35491094166667
50.9531933383333,5.35490114833333
50.9531906883333,5.35489187333333
50.9531875,5.35488317166667
50.953183765,5.35487515166667
50.9531796283333,5.35486780833333
50.9531751066667,5.35486155666667
50.9531702533333,5.354856125
50.95316509,5.35485195333333
50.95315989,5.354848895
50.953154575,5.35484678333333
50.95314911,5.35484556
50.9531434366667,5.35484512833333
50.9531375666667,5.354845485
50.9531315016667,5.35484634166667
50.9531251883333,5.35484799166667
50.9531188316667,5.35484995
50.9531123616667,5.35485224666667
50.9531058783333,5.354854805
50.953099265,5.35485728166667
50.9530925633333,5.35486003666667
50.953085695,5.35486302833333
50.9530786966667,5.35486629
50.9530716533333,5.35486977833333
50.9530644133333,5.3548733
50.953057085,5.35487703666667
50.9530497066667,5.354880815
50.9530423066667,5.35488472333333
50.953034815,5.35488867166667
50.953027235,5.35489271
50.9530195216667,5.35489682166667
50.953011885,5.354901055
50.9530041516667,5.35490530833333
50.9529964366667,5.35490963833333
50.952988665,5.35491413333333
50.9529807866667,5.35491861666667
50.952972945,5.35492319
50.9529650516667,5.35492779833333
50.95295712,5.35493248666667
50.9529491416667,5.35493714
50.9529410833333,5.35494138833333
50.9529329016667,5.35494556166667
50.9529247133333,5.354949745
50.9529164516667,5.354954025
50.9529081333333,5.35495824333333
50.952899715,5.35496246
50.9528911666667,5.35496670333333
50.95288251,5.35497096166667
50.9528737033333,5.354975275
50.9528648433333,5.354979765
50.952855905,5.35498440833333
50.9528467866667,5.35498910166667
50.952837505,5.354993865
50.95282819,5.35499876166667
50.9528187466667,5.35500369166667
50.95280921,5.355008765
50.95279959,5.35501394333333
50.9527898466667,5.355019135
50.9527800333333,5.35502448333333
50.9527701166667,5.35502978
50.9527600933333,5.35503487833333
50.9527501,5.355039965
50.95274014,5.355045005
50.9527303416667,5.35505002666667
50.952720515,5.35505485833333
50.9527110016667,5.35505969333333
50.95270162,5.35506433833333
50.9526924083333,5.35506886333333
50.9526833066667,5.35507334
50.95267438,5.35507771833333
50.9526655533333,5.35508199166667
50.952656895,5.35508617333333
50.9526483183333,5.35509026333333
50.9526399266667,5.35509428333333
50.9526315833333,5.355098145
50.9526233483333,5.355102
50.95261534,5.35510596
50.9526074283333,5.3551098
50.95259976,5.35511356833333
50.952592295,5.35511733166667
50.95258502,5.35512096166667
50.9525780183333,5.35512454
50.9525713433333,5.35512796
50.9525649966667,5.35513137
50.9525591133333,5.35513509166667
50.9525537883333,5.35513925
50.9525489716667,5.355143955
50.9525445116667,5.3551493
50.9525404466667,5.35515516666667
50.9525368833333,5.35516175333333
50.9525338616667,5.35516896333333
50.9525312266667,5.355176585
50.952529195,5.35518464833333
50.9525276683333,5.35519299333333
50.9525266516667,5.355201435
50.9525263,5.35520990833333
50.9525264516667,5.35521843666667
50.952526805,5.355226815
50.952527415,5.35523504166667
50.9525283333333,5.35524317
50.9525292533333,5.355251445
50.9525305183333,5.35526002
50.9525319666667,5.35526897
50.9525337166667,5.355278365
50.952535555,5.355288345
50.9525374966667,5.35529890666667
50.9525397066667,5.35530992
50.9525420766667,5.355321245
50.9525443833333,5.355332865
50.95254683,5.355344695
50.9525493983333,5.35535672166667
50.952552085,5.35536896
50.9525548766667,5.355381385
50.9525577766667,5.35539386666667
50.9525606883333,5.355406335
50.9525635466667,5.35541887
50.9525664883333,5.35543158
50.9525695033333,5.35544442166667
50.9525725683333,5.35545753666667
50.952575765,5.35547089333333
50.95257899,5.35548455166667
50.9525823566667,5.35549851833333
50.9525858,5.35551280333333
50.9525893266667,5.35552732833333
50.9525929116667,5.35554205666667
50.9525965716667,5.35555704666667
50.9526003033333,5.35557209
50.9526040383333,5.35558731333333
50.952607755,5.35560269
50.95261144,5.3556182
50.95261502,5.35563381333333
50.9526186383333,5.35564939833333
50.9526222033333,5.35566511333333
50.9526257116667,5.35568085333333
50.9526291983333,5.35569661833333
50.952632685,5.35571233666667
50.95263594,5.35572797666667
50.9526390233333,5.35574365333333
50.9526419733333,5.35575926333333
50.9526447766667,5.35577490833333
50.9526476166667,5.35579053166667
50.9526504966667,5.35580612
50.9526533116667,5.35582174333333
50.9526561566667,5.35583734833333
50.95265899,5.35585288
50.952661755,5.355868385
50.9526645566667,5.35588386333333
50.9526672983333,5.35589925833333
50.9526699933333,5.35591452666667
50.9526727166667,5.35592948666667
50.9526753633333,5.35594425166667
50.9526780033333,5.355958835
50.9526806266667,5.35597318166667
50.9526832233333,5.35598739
50.9526858233333,5.35600142333333
50.952688375,5.35601521666667
50.9526908633333,5.35602867833333
50.9526933383333,5.35604198333333
50.9526958033333,5.35605513
50.9526982533333,5.35606809833333
50.9527007233333,5.356080905
50.9527031266667,5.35609355666667
50.95270551,5.35610604833333
50.952707875,5.35611834333333
50.95271018,5.3561304
50.9527124816667,5.3561422
50.9527147416667,5.35615382666667
50.95271693,5.356165105
50.9527190766667,5.356176065
50.9527211066667,5.35618661166667
50.9527230733333,5.35619665166667
50.9527249783333,5.35620622833333
50.952726795,5.35621548
50.9527285966667,5.35622446833333
50.9527302716667,5.356233105
50.9527319566667,5.3562414
50.952733735,5.35624923833333
50.9527356783333,5.356256565
50.95273783,5.35626319833333
50.95274018,5.35626917166667
50.9527426916667,5.35627446833333
50.95274533,5.35627933
50.9527481816667,5.3562837
50.9527512366667,5.35628753166667
50.95275454,5.35629095666667
50.9527582666667,5.35629411666667
50.9527623883333,5.356296795
50.9527668183333,5.35629905833333
50.952771315,5.35630058
50.95277593,5.35630130333333
50.9527805633333,5.35630144
50.952785375,5.35630085666667
50.9527904633333,5.35629939833333
50.952795545,5.35629722333333
50.9528005916667,5.35629476166667
50.9528057366667,5.35629232333333
50.9528107983333,5.35628931833333
50.9528157866667,5.35628595666667
50.9528208083333,5.35628251
50.9521592083333,5.35257244833333
50.9521592083333,5.35257247
50.95215921,5.35257247666667
50.9521592283333,5.352572475
50.9521592266667,5.35257247833333
50.9521592233333,5.35257247
50.9521592433333,5.35257247
50.952159265,5.35257249333333
50.952159265,5.35257249
50.9521592783333,5.35257248666667
50.9521592766667,5.35257249166667
50.9521592816667,5.35257250666667
50.952159275,5.35257249833333
50.952159285,5.35257250333333
50.9521592933333,5.35257250833333
50.9521594666667,5.352572465
50.9521600616667,5.35257232166667
50.9521612316667,5.35257204166667
50.9521629783333,5.35257171666667
50.952165365,5.35257145333333
50.9521683283333,5.35257115666667
50.9521718233333,5.35257093333333
50.95217587,5.352570715
50.9521806433333,5.35257021666667
50.95218595,5.35256959
50.9521916616667,5.352568925
50.952197625,5.352567735
50.9522037516667,5.35256626666667
50.952209915,5.35256458833333
50.9522159116667,5.35256278166667
50.952221765,5.35256079
50.952227405,5.352558455
50.9522327866667,5.35255540666667
50.952237915,5.352551805
50.9522427383333,5.35254764333333
50.952247485,5.352542865
50.9522520483333,5.35253745
50.9522563116667,5.35253127666667
50.9522605516667,5.35252442
50.9522644833333,5.35251685166667
50.9522682516667,5.352508455
50.9522716266667,5.35249971333333
50.9522748716667,5.352490645
50.952277825,5.35248138
50.9522807333333,5.35247192833333
50.9522834483333,5.35246227
50.9522860183333,5.35245244666667
50.952288545,5.352442385
50.9522909383333,5.352432365
50.952293265,5.35242210333333
50.95229552,5.352411845
50.9522976283333,5.352401405
50.9522995766667,5.35239072666667
50.9523016616667,5.35238007166667
50.9523039016667,5.35236919333333
50.9523061083333,5.35235840333333
50.9523081983333,5.35234747833333
50.9523101366667,5.35233660333333
50.9523122766667,5.35232578
50.9523142883333,5.352315375
50.9523162416667,5.35230512666667
50.9523181033333,5.35229514
50.9523200066667,5.35228527
50.95232181,5.35227555833333
50.9523236066667,5.35226569666667
50.9523253483333,5.352255635
50.9523270283333,5.35224548166667
50.952328685,5.352235185
50.952330475,5.35222477666667
50.9523321033333,5.352214215
50.9523337633333,5.35220371166667
50.9523354233333,5.35219321
50.9523368816667,5.352182545
50.952337995,5.352171725
50.952338895,5.35216083833333
50.9523392566667,5.35214989833333
50.9523394466667,5.35213916333333
50.9523392833333,5.3521287
50.9523388316667,5.35211840833333
50.95233812,5.35210837166667
50.9523371583333,5.35209839166667
50.9523360816667,5.35208860166667
50.9523348266667,5.35207884666667
50.9523334033333,5.35206898666667
50.952331915,5.35205910666667
50.9523303,5.35204905166667
50.95232842,5.35203891166667
50.9523265883333,5.35202887166667
50.9523246766667,5.35201878333333
50.9523229066667,5.35200845333333
50.95232109,5.35199786666667
50.9523192866667,5.35198700833333
50.9523175666667,5.351975835
50.952315985,5.35196441166667
50.9523144183333,5.35195281833333
50.9523130616667,5.35194106666667
50.9523119183333,5.351929335
50.9523109966667,5.35191739166667
50.9523101466667,5.35190544166667
50.9523096216667,5.35189356833333
50.952309235,5.351881795
50.952308945,5.35186996333333
50.95230877,5.35185816666667
50.95230865,5.35184650666667
50.95230864,5.35183475833333
50.952308745,5.35182295833333
50.9523088116667,5.35181123666667
50.9523088316667,5.35179941333333
50.9523090433333,5.35178758166667
50.9523092666667,5.35177578333333
50.9523095483333,5.351763985
50.9523098866667,5.35175217333333
50.952310375,5.35174040166667
50.9523108766667,5.35172869
50.952311365,5.35171702833333
50.9523119533333,5.351705405
50.9523124833333,5.35169396666667
50.9523128266667,5.35168273333333
50.9523129216667,5.3516717
50.9523126816667,5.35166077666667
50.9523118616667,5.35164994333333
50.9523103383333,5.35163918833333
50.9523083683333,5.35162873166667
50.9523059,5.35161863
50.9523028283333,5.35160907333333
50.9522991416667,5.35159991
50.9522948416667,5.35159125166667
50.9522899283333,5.35158326166667
50.9522846166667,5.35157573166667
50.9522791116667,5.35156861166667
50.9522735283333,5.35156166833333
50.9522679116667,5.35155458333333
50.9522623383333,5.35154729166667
50.9522569166667,5.35153975333333
50.95225153,5.35153195333333
50.9522461483333,5.351524085
50.9522406833333,5.35151613
50.9522354233333,5.35150799333333
50.9522301333333,5.35149992166667
50.9522249166667,5.35149163666667
50.952219735,5.35148336166667
50.9522144733333,5.35147511
50.952209285,5.35146673833333
50.9522039766667,5.35145833
50.9521986983333,5.35144986833333
50.952193385,5.35144140666667
50.952188075,5.35143288
50.9521827466667,5.35142433833333
50.9521773333333,5.35141576833333
50.9521718333333,5.35140705833333
50.95216608,5.35139820666667
50.952160385,5.351389185
50.9521543283333,5.35138004666667
50.95214818,5.351370725
50.9521418383333,5.35136122833333
50.9521353,5.35135174333333
50.9521285316667,5.35134219666667
50.95212178,5.35133263333333
50.952114885,5.35132322666667
50.9521077833333,5.35131405666667
50.9521006983333,5.351304815
50.95209334,5.35129581
50.9520858683333,5.35128704166667
50.9520782083333,5.35127853333333
50.9520703416667,5.35127015666667
50.9520623533333,5.351262065
50.9520542533333,5.35125424166667
50.952046125,5.35124650666667
50.9520380033333,5.351238875
50.952029785,5.35123134333333
50.9520214316667,5.35122377833333
50.9520129933333,5.35121653833333
50.9520045466667,5.35120922166667
50.95199621,5.35120173333333
50.9519878433333,5.35119453833333
50.9519793733333,5.35118743666667
50.95197109,5.35118011666667
50.95196242,5.35117344166667
50.95195373,5.35116708
50.95194487,5.35116145666667
50.9519360233333,5.35115586333333
50.9519270616667,5.35115076666667
50.9519179383333,5.351146195
50.951908885,5.35114232833333
50.95189959,5.35113859333333
50.951890485,5.35113576333333
50.95188121,5.35113319166667
50.9518722666667,5.351130945
50.9518635233333,5.35112886333333
50.951854625,5.351127175
50.951845855,5.3511252
50.95183687,5.35112399
50.9518280266667,5.35112205166667
50.9518193516667,5.35112055666667
50.9518108983333,5.35111880833333
50.951802285,5.35111681833333
50.95179389,5.35111473833333
50.9517852916667,5.35111231
50.95177797,5.35110886333333
50.95177019,5.35110573
50.9517625983333,5.35110224333333
50.9517552583333,5.35109850166667
50.9517482083333,5.35109436166667
50.9517414316667,5.35108976333333
50.9517354966667,5.35108357166667
50.95172975,5.35107679833333
50.9517241066667,5.35106925833333
50.95171899,5.35106015333333
50.9517124766667,5.3510428
50.9517075383333,5.351034705
50.95170305,5.35102618333333
50.9516988516667,5.35101782333333
50.9516949316667,5.35100923333333
50.9516910033333,5.35100062666667
50.9516869883333,5.35099205
50.95168313,5.35098306666667
50.95167866,5.35097428833333
50.9516739266667,5.35096608333333
50.9516707133333,5.350956045
50.9516658316667,5.35094805333333
50.9516604266667,5.35094094166667
50.9516544583333,5.35093533333333
50.9516483833333,5.35093007666667
50.951642465,5.350925105
50.95163672,5.35091988666667
50.9516305166667,5.35091576666667
50.9516242916667,5.35091212
50.95161776,5.35090954833333
50.9516111883333,5.35090753666667
50.951605025,5.35090527
50.9515987033333,5.35090347166667
50.9515918066667,5.35090255166667
50.9515843233333,5.35090212833333
50.9515771483333,5.35090243166667
50.9515705066667,5.35090288833333
50.9515638466667,5.35090489
50.951557365,5.35090740666667
50.9515512966667,5.350909715
50.9515455333333,5.35091215
50.9515399916667,5.35091559
50.95153467,5.35091881166667
50.951529245,5.35092298333333
50.951523805,5.35092781833333
50.9515183966667,5.35093271333333
50.9515132283333,5.35093737833333
50.95150777,5.35094254333333
50.9515021733333,5.35094735833333
50.9514965116667,5.350952085
50.9514905333333,5.35095692166667
50.951484305,5.35096243
50.9514777583333,5.35096802166667
50.95147136,5.350974295
50.9514650066667,5.35098046833333
50.9514586983333,5.350987025
50.9514527683333,5.350993065
50.9514470816667,5.35099900833333
50.9514416833333,5.351004265
50.9514361933333,5.35100989833333
50.951430845,5.35101494833333
50.9514257216667,5.351019615
50.9514199683333,5.35102375
50.9514138533333,5.35102830833333
50.95140745,5.35103263166667
50.9514008466667,5.35103686166667
50.951394715,5.35104116
50.9513889316667,5.35104558666667
50.9513837116667,5.35104883166667
50.9513791666667,5.35105198166667
50.95137493,5.35105501
50.9513712333333,5.35105756666667
50.9513678633333,5.35106021166667
50.9513647966667,5.35106226
50.9513618666667,5.351064275
50.9513591916667,5.35106555
50.951356925,5.35106626833333
50.9513542883333,5.35106489666667
50.9513506983333,5.35105609833333
50.9513461416667,5.35104192166667
50.9513406683333,5.35103528333333
50.9513339433333,5.35103917
50.9513274,5.35104443333333
50.9513227116667,5.35104787666667
50.9513192433333,5.35105015666667
50.9513161366667,5.35105160833333
50.951313695,5.351052025
50.95131141,5.35105253833333
50.9513090833333,5.35105387666667
50.9513066866667,5.35105609
50.9513039633333,5.35105838833333
50.9513009666667,5.351060645
50.95129757,5.35106387333333
50.9512935966667,5.35106773166667
50.9512890983333,5.351072075
50.9512843583333,5.35107782833333
50.951279385,5.35108438833333
50.9512743983333,5.35109249333333
50.9512698666667,5.35110172166667
50.9512658833333,5.35111255333333
50.9512630933333,5.351126
50.9512614716667,5.35114250166667
50.9512606483333,5.351159675
50.9512599083333,5.35117576666667
50.951259175,5.35119110166667
50.9512590116667,5.35120645333333
50.9512586266667,5.35122131333333
50.951258575,5.35123623833333
50.9512585133333,5.35125142
50.9512586683333,5.35126689
50.9512587666667,5.35128243666667
50.95125894,5.351297925
50.951259155,5.35131347833333
50.9512594216667,5.35132925
50.9512596733333,5.351345025
50.9512601233333,5.35136093166667
50.951260675,5.35137704666667
50.9512611566667,5.35139323666667
50.9512615033333,5.35140921333333
50.9512622,5.35142548166667
50.951262725,5.35144201333333
50.9512634933333,5.35145852
50.9512640316667,5.35147503333333
50.9512648,5.35149094166667
50.9512659416667,5.35150641166667
50.95126703,5.35152181
50.9512679683333,5.35153721166667
50.95126886,5.35155257
50.9512695133333,5.35156788666667
50.951270235,5.35158327833333
50.9512708933333,5.35159863666667
50.9512715066667,5.351613755
50.9512722316667,5.35162915666667
50.9512729483333,5.35164427666667
50.95127368,5.351659405
50.9512744683333,5.35167453666667
50.9512751933333,5.35168961
50.9512760483333,5.35170469833333
50.9512771916667,5.35171958666667
50.9512778,5.35173462666667
50.951279305,5.35174925833333
50.9512816133333,5.35176347333333
50.95128261,5.35177825
50.9512834283333,5.35179307166667
50.9512842533333,5.35180801166667
50.95128545,5.351822975
50.951286865,5.351837725
50.951288655,5.35185205333333
50.9512906083333,5.35186623833333
50.95129298,5.35187988833333
50.95129524,5.35189328
50.9512977033333,5.35190658833333
50.9513001383333,5.35191942
50.9513094816667,5.351935985
50.9513118983333,5.35194839166667
50.95131445,5.35196048833333
50.9513166,5.35197267166667
50.951318645,5.35198457333333
50.9513201716667,5.35199604166667
50.9513215483333,5.35200702166667
50.9513225933333,5.35201804
50.95229786,5.351831335
50.9522978466667,5.35183133
50.9522978233333,5.35183132333333
50.9522978,5.35183133
50.9522978066667,5.35183134666667
50.9522978116667,5.35183134333333
50.952297815,5.35183135333333
50.9522977183333,5.35183136166667
50.9522972783333,5.35183141
50.95229635,5.35183142833333
50.9522948333333,5.35183152166667
50.9522927183333,5.35183166666667
50.9522899433333,5.35183183333333
50.9522865816667,5.35183202
50.952282695,5.35183221666667
50.9522782483333,5.351832405
50.9522732316667,5.351833065
50.9522676333333,5.35183396333333
50.952261515,5.35183498833333
50.952255135,5.35183637833333
50.952248155,5.35183782833333
50.9522408816667,5.35183912
50.9522333133333,5.35184068
50.9522254483333,5.351842285
50.9522173316667,5.35184405333333
50.952209015,5.35184553666667
50.9522004316667,5.35184669
50.95219167,5.35184752833333
50.9521827416667,5.35184789833333
50.9521738516667,5.35184768166667
50.952164735,5.35184689
50.9521554116667,5.3518457
50.9521459416667,5.35184406833333
50.9521363966667,5.35184177666667
50.9521268566667,5.35183888833333
50.95211727,5.35183540333333
50.9521075916667,5.35183198166667
50.95209771,5.35182855166667
50.9520875533333,5.3518253
50.952077425,5.351821995
50.9520670233333,5.35181902166667
50.9520566566667,5.35181622166667
50.9520461866667,5.35181338333333
50.9520358283333,5.35181072333333
50.95202521,5.35180775333333
50.9520147616667,5.35180489833333
50.95200411,5.35180189
50.9519937016667,5.35179891333333
50.9519831016667,5.35179593333333
50.9519724316667,5.35179291166667
50.9519616583333,5.351789745
50.9519510083333,5.35178650333333
50.9519403883333,5.35178336166667
50.95192983,5.351779915
50.95191921,5.35177647833333
50.951908495,5.35177307333333
50.951897775,5.35176969166667
50.951887385,5.35176589166667
50.9518769016667,5.35176247
50.9518662166667,5.35175918333333
50.9518552816667,5.35175602666667
50.9518444283333,5.35175315833333
50.9518336816667,5.35174992666667
50.9518227733333,5.35174696333333
50.9518120666667,5.35174374166667
50.95180141,5.35174069166667
50.95179065,5.35173751833333
50.95177983,5.351734605
50.95176904,5.35173135333333
50.951758525,5.35172796
50.9517477016667,5.35172497333333
50.95173703,5.35172196333333
50.9517264916667,5.35171861833333
50.951715875,5.35171566
50.95170596,5.35171187166667
50.9516961216667,5.351709035
50.9516861783333,5.35170582
50.95167586,5.35170458833333
50.9516661366667,5.35170241666667
50.9516563166667,5.35170181833333
50.9516463883333,5.35170136666667
50.9516367266667,5.35170214833333
50.9516269816667,5.35170299666667
50.9516171333333,5.35170386833333
50.95160796,5.35170582166667
50.951599115,5.35170872833333
50.9515902833333,5.35171125833333
50.9515815216667,5.35171401833333
50.95157275,5.351717225
50.9515643,5.35172144
50.9515557833333,5.35172552666667
50.9515474216667,5.35173017
50.9515390633333,5.35173552
50.9515310016667,5.35174147666667
50.9515228583333,5.35174787666667
50.9515152733333,5.35175466333333
50.9515076416667,5.35175862833333
50.951499525,5.35176109666667
50.95149166,5.35176209333333
50.9514805216667,5.351749495
50.951473935,5.35175695
50.9514675816667,5.35176315333333
50.951461265,5.35176958333333
50.9514549333333,5.35177622666667
50.9514487066667,5.35178281833333
50.9514424333333,5.35178895333333
50.9514429433333,5.35183154
50.9514367983333,5.35183856166667
50.951431065,5.35184582333333
50.951424145,5.35185068
50.9514154483333,5.35185368
50.9514066683333,5.35185685833333
50.9513990133333,5.35186403833333
50.9513920383333,5.35187367166667
50.95138541,5.35188383333333
50.9513790083333,5.35189447333333
50.9513730783333,5.35190420333333
50.9513663633333,5.351916535
50.9513593533333,5.35192987
50.9513532433333,5.351940515
50.951348095,5.35194844833333
50.95134342,5.35195524833333
50.95133907,5.35196122666667
50.9513350083333,5.35196689333333
50.9513307733333,5.35197195
50.95132631,5.351977035
50.951322145,5.35198138666667
50.951318,5.35198501833333
50.9513141933333,5.35198826333333
50.9513107316667,5.35199176333333
50.9513073766667,5.351995195
50.95130419,5.351998345
50.9513015433334,5.35200191666667
50.9512994216667,5.35200596333333
50.951297675,5.352009765
50.951295875,5.35201247833333
50.9512941933333,5.35201493166667
50.9512920933333,5.352017115
50.9512897683333,5.35201942666667
50.951287905,5.352022265
50.95128613,5.35202473333333
50.95128622,5.35202702166667
50.9512942633333,5.35202694333333
50.9513082233333,5.35202604
50.9513184166667,5.35202746666667
50.9513233416667,5.35203195833333
50.9513267816667,5.35203722833333
50.9513286583333,5.35204264666667
50.9513296733333,5.352048315
50.9513306983333,5.352054355
50.9513314933333,5.35206046333333
50.9513324833333,5.35206645166667
50.9513333466667,5.35207263833333
50.9513340233333,5.35207919666667
50.9513348066667,5.35208584
50.951335515,5.352092795
50.9513362033333,5.35210007666667
50.9513366566667,5.35210788666667
50.9513371316667,5.35211527666667
50.9513375633333,5.352123305
50.9513383583333,5.35213160166667
50.95133364,5.35211154833333
50.9513349566667,5.35212112666667
50.9513363833333,5.35213103166667
50.951337895,5.35214131
50.9513395616667,5.35215155666667
50.9513410866667,5.35216199666667
50.951342805,5.352172375
50.951344775,5.35218270333333
50.9513465866667,5.35219324
50.951348745,5.35220355
50.95135118,5.35221369666667
50.9513536516667,5.35222343333333
50.9513563333333,5.35223340333333
50.9513580466667,5.352243925
50.9513597383333,5.35225451166667
50.9513617183333,5.352264935
50.9513636333333,5.35227551666667
50.951365695,5.35228625
50.951367565,5.35229692166667
50.951369155,5.35230767333333
50.95137072,5.3523186
50.9513723433333,5.35232918666667
50.9513739783333,5.35233989166667
50.951375165,5.352351105
50.9513766566667,5.35236189166667
50.9513779383333,5.352372925
50.95137957,5.35238414166667
50.9513813983333,5.35239545833333
50.9513829783333,5.35240634666667
50.9513844933333,5.35241729166667
50.9513864316667,5.35242802333333
50.9513880933333,5.35243912833333
50.95138993,5.352450205
50.9513915316667,5.35246102
50.95139304,5.3524717
50.9513947166667,5.35248270833333
50.95139622,5.35249353833333
50.9513969316667,5.35250442666667
50.9513977166667,5.35251520666667
50.95139802,5.35252649166667
50.9513979533333,5.35253660666667
50.95139793,5.35254659333333
50.9513974666667,5.35255579333333
50.9513965233333,5.35256514833333
50.95139539,5.35257427333333
50.951394335,5.35258244166667
50.951393405,5.35258994166667
50.9513928166667,5.35259695166667
50.9513921966667,5.35260393333333
50.951391715,5.35261042166667
50.95139135,5.35261723833333
50.9513911433333,5.35262369333333
50.9513911283333,5.35263032166667
50.951391305,5.35263698166667
50.9513915933333,5.35264332833333
50.95139205,5.35264982833333
50.951392545,5.35265626833333
50.9513933016667,5.35266256166667
50.951394225,5.35266891666667
50.951395265,5.352675235
50.9513964683333,5.352681295
50.951397725,5.35268746833333
50.9513991916667,5.35269350833333
50.9514007566667,5.35269957
50.9514024116667,5.35270556166667
50.95140432,5.35271135333333
50.9514064366667,5.35271708666667
50.95140878,5.352722445
50.9514113366667,5.35272794
50.9514143033333,5.35273286166667
50.95141753,5.35273749166667
50.9514210566667,5.35274193833333
50.9514249416667,5.35274565833333
50.9514292683333,5.35274879
50.9514338233333,5.352751265
50.9514385616667,5.35275305833333
50.95144392,5.352753625
50.9514497016667,5.35275331333333
50.951456405,5.35275208833333
50.9514633183333,5.35275049333333
50.95147043,5.35274874333333
50.9514777233333,5.35274633666667
50.9514852416667,5.35274459166667
50.9514928566667,5.35274257666667
50.951500815,5.35274024333333
50.9515091783333,5.35273807666667
50.95151772,5.352736195
50.9515264966667,5.35273414333333
50.9515355383333,5.35273217833333
50.9515448583333,5.35273016166667
50.9515541333333,5.35272788666667
50.9515634733333,5.35272539833333
50.951572865,5.35272294833333
50.9515822083333,5.35272036166667
50.9515914483333,5.35271791
50.9516006566667,5.352715475
50.951609725,5.35271315166667
50.9516186733333,5.35271088166667
50.951628055,5.35270844666667
50.9516370583333,5.35270578333333
50.9516463066667,5.35270344
50.95165552,5.352701155
50.9516645516667,5.35269875666667
50.95167327,5.35269663666667
50.9516817466667,5.35269423166667
50.95168985,5.35269204833333
50.9516974466667,5.35269003166667
50.9517044583333,5.352688085
50.9517109183333,5.35268623333333
50.95171666,5.352684275
50.951721835,5.35268265
50.9517263966667,5.35268122333333
50.9517304966667,5.35268000333333
50.9517340666667,5.35267900666667
50.951737195,5.35267801666667
50.9517399783333,5.352677115
50.9517425583333,5.35267633333333
50.951744745,5.35267572333333
50.9517466583333,5.35267502
50.95174832,5.35267456
50.9517498066667,5.352674045
50.9517509283333,5.35267371833333
50.9517519416667,5.35267326333333
50.9517529166667,5.35267293333333
50.951754255,5.352672445
50.9517555833333,5.35267209833333
50.9517566516667,5.35267168666667
50.95175787,5.352671425
50.9517591233333,5.35267090833333
50.9517606633333,5.35267037333333
50.9517623616667,5.35266983
50.9517640766667,5.35266933166667
50.9517657366667,5.35266883666667
50.9517673066667,5.3526681
50.9517693683333,5.35266749
50.9517714066667,5.35266665666667
50.9517735216667,5.352666005
50.9517759383333,5.352665105
50.9517784633333,5.352664185
50.9517811966667,5.35266285333333
50.9517844016667,5.35266180333333
50.95178794,5.35266056666667
50.9517918,5.35265947166667
50.95179604,5.35265857166667
50.9518006266667,5.35265778
50.95180542,5.35265666333333
50.9518106083333,5.35265542666667
50.9518160783333,5.35265432666667
50.9518216883333,5.35265291
50.9518277283333,5.35265140833333
50.9518341316667,5.35264985
50.9518410216667,5.352648045
50.9518481716667,5.35264610166667
50.9518556616667,5.35264404333333
50.9518634833333,5.35264192333333
50.95187153,5.35263970333333
50.9518797833333,5.35263769833333
50.9518882933333,5.35263548
50.9518970283333,5.35263330333333
50.9519059616667,5.35263088666667
50.95191511,5.35262844833333
50.9519243183333,5.35262588333333
50.951933685,5.35262334666667
50.95194321,5.35262090166667
50.9519527816667,5.35261839
50.9519625483333,5.35261608666667
50.9519722833333,5.35261376166667
50.951982095,5.35261172666667
50.95199186,5.35260976666667
50.9520017966667,5.35260786166667
50.9520116166667,5.352605705
50.9520216616667,5.35260369666667
50.9520316216667,5.35260166166667
50.9520417216667,5.352599855
50.9520517366667,5.35259794333333
50.9520618033333,5.352596155
50.9520718233333,5.35259428666667
50.95208185,5.35259237333333
50.9520919366667,5.35259043166667
50.9521018566667,5.352588575
50.95211159,5.35258684333333
50.9521211,5.352585005
50.9521303566667,5.35258320666667
50.9521393733333,5.35258151333333
50.9521481616667,5.35257986
50.9521565583333,5.352578165
50.9521644816667,5.352576515
50.9521718916667,5.35257493666667
50.952178705,5.35257349
50.9521852483333,5.35257190166667
50.9521916266667,5.35257007
50.9521978183333,5.35256804
50.952339365,5.352332895
50.9523394266667,5.3523295
50.9523394283333,5.35232592833333
50.9523395183333,5.35232212166667
50.9523395716667,5.35231791
50.9523396733333,5.35231322166667
50.9523396933333,5.352307885
50.95233977,5.35230179333333
50.9523398466667,5.35229491166667
50.95233995,5.35228716666667
50.952340055,5.35227868833333
50.9523401816667,5.352269425
50.95234039,5.352259455
50.9523406816667,5.35224879166667
50.95234095,5.35223766833333
50.9523412583333,5.352226065
50.95234148,5.35221413
50.95234182,5.35220177
50.9523420516667,5.35218919
50.952341905,5.35217652166667
50.9523417783333,5.35216382666667
50.95234127,5.352151215
50.95234071,5.35213847666667
50.9523397466667,5.35212592
50.9523386916667,5.35211338333333
50.952337445,5.35210090333333
50.952336085,5.35208830666667
50.9523346716667,5.35207573666667
50.9523332666667,5.35206317333333
50.952331645,5.35205058
50.9523299416667,5.352038085
50.9523281283333,5.35202570666667
50.9523263833333,5.35201347
50.9523246416667,5.35200130333333
50.9523228366667,5.3519892
50.952321125,5.35197716333333
50.952319515,5.351965125
50.95231796,5.35195327
50.9523165983333,5.35194152
50.9523153866667,5.35192983333333
50.9523142166667,5.35191817666667
50.9523131516667,5.35190656833333
50.952312235,5.351894875
50.9523113466667,5.35188315666667
50.9523105866667,5.351871455
50.9523099383333,5.35185987333333
50.952309205,5.35184830666667
50.9523085816667,5.35183677333333
50.95230796,5.35182533
50.9523075133333,5.35181396666667
50.9523070916667,5.35180264833333
50.9523068266667,5.35179135166667
50.952306695,5.351780105
50.95230664,5.35176883
50.9523066033333,5.35175749666667
50.9523067133333,5.35174613
50.95230695,5.35173476833333
50.9523071683333,5.35172337166667
50.952307415,5.35171195333333
50.952307745,5.35170054
50.95230814,5.35168917166667
50.952308645,5.35167772333333
50.9523091583333,5.35166637
50.95230963,5.35165503
50.9523102016667,5.35164364333333
50.95231069,5.35163215333333
50.9523111333333,5.35162057333333
50.9523115533333,5.35160894166667
50.9523120033333,5.351597295
50.9523124433333,5.351585665
50.95231272,5.35157403
50.952312995,5.35156248166667
50.95231326,5.351550965
50.952313635,5.35153948
50.9523140066667,5.35152798666667
50.952314385,5.35151639666667
50.9523149066667,5.351504745
50.9523153416667,5.351493145
50.952315855,5.35148157166667
50.9523163766667,5.351469905
50.9523169433333,5.35145828166667
50.9523175766667,5.351446675
50.9523181233333,5.351435115
50.9523187166667,5.35142349833333
50.9523193266667,5.35141190333333
50.9523200033333,5.35140041
50.9523205883333,5.35138889833333
50.9523210316667,5.35137756833333
50.9523214433333,5.35136627
50.952321835,5.35135495833333
50.9523222233333,5.35134373333333
50.95232254,5.351332505
50.9523229183333,5.35132130833333
50.9523232666667,5.35131015333333
50.9523235533333,5.35129902666667
50.9523238866667,5.35128803333333
50.9523242733333,5.35127713833333
50.9523245583333,5.35126644
50.952324895,5.351255795
50.9523252716667,5.35124525333333
50.9523256733333,5.35123481
50.9523259883333,5.351224485
50.9523263583333,5.35121413333333
50.9523265983333,5.35120386
50.9523269933333,5.35119369166667
50.9523272716667,5.35118354333333
50.9523276883333,5.35117364833333
50.9523277733333,5.351163735
50.9523282083333,5.351153875
50.9523285183333,5.35114399333333
50.9523286383333,5.35113415
50.9523288916667,5.35112435166667
50.9523287066667,5.35111451666667
50.9523279533333,5.351104725
50.95232656,5.351095125
50.9523247683333,5.35108593833333
50.952322695,5.35107714
50.9523200683333,5.35106874166667
50.95231707,5.35106088666667
50.9523138433333,5.35105348666667
50.9523104416667,5.35104626833333
50.9523069683333,5.351039235
50.952303155,5.35103233166667
50.9522992966667,5.35102534
50.9522953233333,5.35101805333333
50.9522911783333,5.35101061833333
50.95228691,5.35100297666667
50.952282465,5.35099511833333
50.9522779983333,5.35098708333333
50.95227335,5.35097881333333
50.9522686183333,5.35097040333333
50.952263715,5.350961795
50.9522587116667,5.35095302666667
50.952253725,5.35094410666667
50.9522486066667,5.35093497833333
50.9522433383333,5.35092572
50.952237965,5.350916155
50.9522325033333,5.3509064
50.9522269183333,5.35089638
50.9522212516667,5.35088610333333
50.9522154733333,5.35087564333333
50.9522095916667,5.35086493166667
50.952203615,5.35085398
50.9521975333333,5.35084292166667
50.9521913783333,5.35083160666667
50.952185025,5.35082032666667
50.9521784233333,5.35080901833333
50.95217181,5.35079785833333
50.9521650633333,5.35078662833333
50.95215806,5.35077538666667
50.9521508433333,5.350764385
50.9521436,5.35075333166667
50.95213603,5.35074237333333
50.9521284716667,5.35073140333333
50.9521210816667,5.35072047166667
50.9521134483333,5.35070959
50.95210571,5.35069891
50.9520977483333,5.350688385
50.952089875,5.35067767666667
50.9520824833333,5.35066654666667
50.952075285,5.35065508166667
50.952068315,5.35064327666667
50.9520612783333,5.35063141
50.95205426,5.35061932833333
50.9520471916667,5.35060726833333
50.9520402216667,5.35059513166667
50.9520332516667,5.35058265833333
50.9520261383333,5.35057048333333
50.9520192716667,5.350557885
50.95201251,5.35054504666667
50.9520057883333,5.350532305
50.9519989333333,5.35051951
50.9519922666667,5.350506435
50.9519853633333,5.350493405
50.9519785683333,5.350480545
50.9519717133333,5.35046753
50.9519649766667,5.35045437166667
50.9519582783333,5.35044109
50.9519516683333,5.35042776333333
50.951944965,5.35041459833333
50.9519384516667,5.35040119
50.95193177,5.35038801
50.95192519,5.35037480333333
50.9519187083333,5.350361835
50.9519121133333,5.35034899
50.951905535,5.35033622666667
50.9518991516667,5.35032349333333
50.95189293,5.35031068666667
50.951886725,5.35029791666667
50.9518806683333,5.35028515833333
50.9518745983333,5.35027256833333
50.9518686416667,5.35025986833333
50.9518626916667,5.35024739166667
50.951856815,5.35023502166667
50.9518509383333,5.350222875
50.95184513,5.35021085333333
50.951839375,5.35019904
50.9518337166667,5.350187335
50.9518281666667,5.35017577166667
50.9518224766667,5.35016446
50.9518169733333,5.35015304
50.9518114783333,5.35014182333333
50.9518059783333,5.35013085333333
50.95180059,5.35012005666667
50.95179495,5.350109665
50.951789525,5.35009915333333
50.9517838333333,5.35008908666667
50.9517784583333,5.350079
50.951772755,5.35006955833333
50.9517671683333,5.35006076666667
50.95176174,5.35005159
50.9517555866667,5.35004351166667
50.9517494933333,5.35003553333333
50.951743335,5.350028465
50.95173689,5.350021845
50.951730755,5.35001563166667
50.95172461,5.35000961333333
50.951718435,5.35000489666667
50.9517124533333,5.34999974
50.9517061833333,5.34999611166667
50.9517003566667,5.349992535
50.9516945933333,5.349989565
50.9516879433333,5.34998479833333
50.95168237,5.349982225
50.9516774816667,5.34998208833333
50.9516722216667,5.34998027
50.951666835,5.34997884
50.9516616633333,5.34997744166667
50.9516565733333,5.349976195
50.9516515316667,5.34997555333333
50.95164647,5.34997491666667
50.9516416333333,5.34997460666667
50.9516367916667,5.34997446
50.9516318666667,5.34997467833333
50.9516268833333,5.34997496666667
50.9516221416667,5.34997530333333
50.9516172183333,5.34997598833333
50.9516123683333,5.34997673166667
50.9516076166667,5.34997760333333
50.9516027883333,5.34997856166667
50.9515979866667,5.34997917833333
50.9515933516667,5.34997966833333
50.9515887183333,5.34997973833333
50.9515840516667,5.34997971
50.951579525,5.34997964
50.9515750716667,5.34997939833333
50.9515706533333,5.349979265
50.9515661266667,5.349978815
50.951561725,5.34997824666667
50.9515573833333,5.34997743
50.9515531166667,5.34997662666667
50.95154891,5.34997552666667
50.95154476,5.34997423666667
50.951540765,5.34997268833333
50.9515368916667,5.349971095
50.951533145,5.34996929
50.951529495,5.34996748166667
50.9515260583333,5.34996543333333
50.9515227433333,5.34996342
50.951519535,5.34996130166667
50.951516305,5.34995941333333
50.9515133966667,5.34995747
50.9515104583333,5.349955555
50.9515075533333,5.34995361333333
50.95150461,5.349951795
50.9515019266667,5.34994996666667
50.95149901,5.34994823666667
50.9514963666667,5.34994639
50.9514936616667,5.34994470333333
50.9514909233333,5.34994287833333
50.951488065,5.34994116666667
50.9514851783333,5.349939515
50.9514825383333,5.349937805
50.951479755,5.3499363
50.9514769283333,5.349934635
50.9514740933333,5.34993299833333
50.95147142,5.34993147333333
50.95146878,5.349930105
50.9514661833333,5.349928685
50.9514636566667,5.34992725166667
50.95146109,5.34992587666667
50.951458315,5.349924455
50.951455435,5.34992327666667
50.9514524816667,5.34992224333333
50.9514492733333,5.34992152833333
50.9514459666667,5.34992088
50.9514425683333,5.34992063
50.9514390433333,5.349920695
50.95143545,5.34992119166667
50.9514317916667,5.34992244166667
50.951428275,5.349923325
50.95142489,5.34992492166667
50.9514215633333,5.349926935
50.9514182583333,5.349929305
50.9514149116667,5.34993218333333
50.9514116066667,5.34993588666667
50.9514080966667,5.349940345
50.9514046533333,5.34994554
50.95140141,5.34995131833333
50.951398895,5.349957445
50.95139646,5.34996356166667
50.9513943033333,5.34996966333333
50.95139231,5.34997584166667
50.9513904833333,5.34998182
50.9513886716667,5.349987725
50.9513871233333,5.34999335833333
50.9513855766667,5.34999877
50.9513839316667,5.35000419
50.9513825066667,5.35000978833333
50.95138076,5.35001575833333
50.9513789466667,5.35002247666667
50.9513769283333,5.350029815
50.951374925,5.35003797666667
50.9513726983333,5.35004669666667
50.9513704733333,5.350055865
50.95136829,5.35006535666667
50.9513662416667,5.35007528666667
50.9513643866667,5.35008552
50.9513621633333,5.35009579
50.9513603583333,5.3501064
50.9513581216667,5.35011694833333
50.951356355,5.35012779666667
50.9513545083333,5.35013870333333
50.95135262,5.35014975833333
50.951350895,5.3501609
50.9513489783333,5.35017199833333
50.9513469883333,5.35018309666667
50.95134513,5.350194095
50.951343065,5.35020499
50.95134111,5.35021592333333
50.9513391983333,5.35022691166667
50.951337135,5.35023789833333
50.9513349816667,5.35024889166667
50.9513330133333,5.35025994666667
50.95133092,5.350271015
50.95132903,5.35028196333333
50.9513271466667,5.350292985
50.9513252166667,5.350303905
50.9513233683333,5.350314855
50.95132164,5.35032587833333
50.95131961,5.35033670166667
50.9513177666667,5.35034762833333
50.951315755,5.350358385
50.95131393,5.350369155
50.9513119316667,5.35037998333333
50.9513099816667,5.35039065333333
50.95130815,5.35040137333333
50.9513062016667,5.350411985
50.9513042883333,5.35042265833333
50.9513021983333,5.3504331
50.9513002016667,5.35044369833333
50.9512982166667,5.35045416333333
50.9512964733333,5.35046478333333
50.9512946033333,5.35047528
50.95129285,5.350485595
50.9512911766667,5.35049597666667
50.951289565,5.35050614666667
50.95128804,5.35051621166667
50.95128644,5.350526075
50.9512849533333,5.35053590666667
50.9512836166667,5.35054564166667
50.95128212,5.35055542166667
50.9512810066667,5.350565325
50.951280315,5.35057530833333
50.9512799883333,5.35058537333333
50.951280235,5.350595315
50.9512806966667,5.35060511333333
50.95128196,5.350614785
50.9512834483333,5.35062393666667
50.951285255,5.35063276333333
50.9512872516667,5.350641185
50.9512893016667,5.35064899333333
50.9512914983333,5.35065636833333
50.9512938616667,5.35066316333333
50.9512961366667,5.35066938666667
50.9512985033333,5.35067506166667
50.951300845,5.350680145
50.9513031533333,5.35068485166667
50.9513048583333,5.35068881666667
50.951306765,5.35069262
50.9513087633333,5.35069618833333
50.9513108433333,5.35069954333333
50.9513128116667,5.35070347333333
50.9513141516667,5.35070751666667
50.951316045,5.35071135333333
50.9513180833333,5.35071581333333
50.9513200933333,5.35071988166667
50.9513217783333,5.35072423166667
50.9513232516667,5.35072844
50.9513248233333,5.35073317666667
50.9513263483333,5.35073835333333
50.9513279133333,5.35074390833333
50.9513295133333,5.35075014166667
50.95133099,5.350756715
50.95133242,5.35076377
50.9513336566667,5.35077071166667
50.9513347566667,5.350777915
50.9513355933333,5.35078548
50.9513360883333,5.350792995
50.9513365,5.350800515
50.951336505,5.35080779666667
50.9513364333333,5.35081503166667
50.95133662,5.35082248166667
50.951336705,5.35082973666667
50.9513365816667,5.35083695166667
50.9513363933333,5.3508439
50.9513360283333,5.35085091666667
50.951335495,5.35085830666667
50.95133519,5.350866315
50.951334585,5.35087477666667
50.9513341883333,5.35088370333333
50.9513338066667,5.350892715
50.9513331516667,5.350901985
50.951332555,5.35091146666667
50.95133178,5.35092098333333
50.95133104,5.35093057166667
50.9513303316667,5.35093999333333
50.9513294283333,5.350949385
50.9513285983333,5.35095862666667
50.9513277266667,5.35096783333333
50.9513266466667,5.35097717
50.9513256583333,5.35098640666667
50.95132436,5.35099582333333
50.9513230866667,5.351005115
50.9513216883333,5.35101422
50.9513200383333,5.35102351333333
50.9513185116667,5.35103272166667
50.95131708,5.35104189
50.95131553,5.35105096833333
50.9513136216667,5.35106007166667
50.9513113633333,5.35106903
50.951308825,5.351078045
50.95130634,5.35108711
50.951303585,5.35109641166667
50.9513005233333,5.35110587166667
50.9512975916667,5.35111594166667
50.951294595,5.35112607333333
50.9512917483333,5.35113649333333
50.9512888716667,5.35114693833333
50.9512865416667,5.35115757833333
