50.95338441333333 , 5.354291121666667
50.953387541666665 , 5.354292065
50.953404303333336 , 5.354281036666666
50.95342630333333 , 5.354267495
50.95344817833333 , 5.354255208333333
50.95347121333333 , 5.3542461066666664
50.95349448666666 , 5.354235145
50.95351539333333 , 5.354223548333334
50.9535382 , 5.3542130666666665
50.953560831666664 , 5.3542021166666665
50.953583036666664 , 5.354191883333334
50.95360575 , 5.354180468333333
50.95362897333333 , 5.354169745
50.95365216333333 , 5.354160255
50.95367562333333 , 5.354147941666667
50.953700373333334 , 5.35413997
50.953723235 , 5.3541280066666666
50.953747418333336 , 5.354118166666667
50.95376988 , 5.354104115
50.95379229833333 , 5.3540892116666665
50.95381636333333 , 5.354079723333333
50.95383870166667 , 5.3540684983333335
50.95386145 , 5.35405657
50.953885326666665 , 5.354044368333334
50.95390844333333 , 5.354034388333333
50.953930813333336 , 5.354022058333333
50.953953715 , 5.35400946
50.95397772 , 5.353999151666667
50.95399962333333 , 5.3539864533333335
50.95402237166667 , 5.353976683333333
50.954044513333336 , 5.35396417
50.95406739166667 , 5.3539512983333335
50.954090148333336 , 5.353939731666666
50.95411207666667 , 5.353928125
50.95413555333333 , 5.35391614
50.95415929666667 , 5.353905921666667
50.95418247 , 5.353895453333333
50.954205145 , 5.3538837316666665
50.95422846666666 , 5.353871928333334
50.954251865 , 5.3538600233333336
50.95427429833333 , 5.353847105
50.95429726333333 , 5.353835255
50.95432078 , 5.353822481666667
50.954344086666666 , 5.35381058
50.9543676 , 5.353799313333333
50.95439130166667 , 5.353786695
50.95441472666667 , 5.353775635
50.95443914333333 , 5.353764815
50.95446131166667 , 5.35375197
50.95448492166667 , 5.35374281
50.954506783333336 , 5.353728558333334
50.954528976666666 , 5.353725421666667
50.95455095166667 , 5.353743236666666
50.95457205666666 , 5.353762865
50.954592721666664 , 5.353783298333333
50.95461275 , 5.353802433333334
50.954633603333335 , 5.353818691666667
50.954653721666666 , 5.3538371683333335
50.954675455 , 5.353826513333333
50.95468716166667 , 5.353796091666666
50.95468214833333 , 5.35376225
50.95466470666667 , 5.353740545
50.95464334333333 , 5.353727451666667
50.95462121833334 , 5.35371584
50.95459985833333 , 5.353702731666667
50.95457909666667 , 5.3536844016666665
50.95456019666667 , 5.353657983333333
50.954546855 , 5.353625418333333
50.95453401333333 , 5.353591626666667
50.954524355 , 5.353555871666667
50.95451457 , 5.353518973333333
50.95450708333333 , 5.353481608333333
50.95449896833333 , 5.353444388333333
50.954491823333335 , 5.353407643333333
50.95448475 , 5.353369248333333
50.95447818833333 , 5.353331335
50.95447071666667 , 5.353296006666667
50.95446343 , 5.353260158333334
50.95445570166667 , 5.353223156666667
50.95444791333333 , 5.353187581666667
50.95444107833333 , 5.353150556666667
50.954433093333336 , 5.353115165
50.954426463333334 , 5.353079263333333
50.954419138333336 , 5.353043513333334
50.95441190166667 , 5.353007446666667
50.954403463333335 , 5.352972221666667
50.95439634833333 , 5.352937083333333
50.95438926833334 , 5.352902401666666
50.954382465 , 5.352865605
50.954375051666666 , 5.352829011666667
50.95436814833333 , 5.352792961666666
50.9543609 , 5.352757905
50.95435339666667 , 5.352720856666667
50.95434656333333 , 5.352685745
50.954339893333334 , 5.352650748333334
50.95433213 , 5.352614318333333
50.954324668333335 , 5.352577981666666
50.9543175 , 5.352542268333333
50.95431021 , 5.352508378333333
50.95430297 , 5.352471661666667
50.954294878333336 , 5.352439038333333
50.95428792 , 5.352400911666667
50.954280651666664 , 5.352365651666666
50.954273825 , 5.352328093333333
50.954264845 , 5.352292108333334
50.954256615 , 5.3522566
50.95425006833333 , 5.35222068
50.95424235 , 5.352184781666667
50.95423374333333 , 5.352149865
50.954226185 , 5.352115295
50.95421951666667 , 5.352078541666667
50.95421151833333 , 5.352042716666666
50.954203535 , 5.352007875
50.954197011666665 , 5.351971691666667
50.95418987 , 5.351936211666667
50.95418242 , 5.351899106666667
50.95417442666667 , 5.351864623333333
50.954166846666666 , 5.351829206666666
50.954158635 , 5.351793941666667
50.95415109166667 , 5.3517576
50.95414423 , 5.351721848333334
50.954137421666665 , 5.351685808333333
50.954130858333336 , 5.351649021666667
50.95412301166667 , 5.351613156666667
50.9541159 , 5.351579018333333
50.95410898666667 , 5.351542525
50.954101865 , 5.351505698333333
50.954093631666666 , 5.351469946666667
50.954086243333336 , 5.351435055
50.954080145 , 5.351398831666667
50.95407261 , 5.351362401666667
50.954065203333336 , 5.35132653
50.95405923333333 , 5.351289293333333
50.954052221666664 , 5.351253105
50.95404402 , 5.351216695
50.95403688 , 5.351182213333334
50.954029561666665 , 5.351148738333333
50.954023283333335 , 5.351112245
50.95401580833333 , 5.351076643333333
50.95400849666667 , 5.351041638333333
50.95400088666667 , 5.351007803333333
50.95399419666666 , 5.350969158333333
50.953985546666665 , 5.3509325683333335
50.9539782 , 5.350897123333334
50.95397144333333 , 5.350862233333333
50.95396404 , 5.350825041666667
50.95395767833333 , 5.350789203333333
50.95394927 , 5.350751638333334
50.95394141333333 , 5.350715898333333
50.95393383166667 , 5.35067921
50.95392725 , 5.350643871666667
50.95391926333333 , 5.350608501666667
50.95391292 , 5.350573225
50.95390503 , 5.350539661666667
50.95389769333333 , 5.350508305
50.95389269333333 , 5.350472556666666
50.95388946 , 5.350434813333333
50.95388550166667 , 5.350397673333333
50.953881705 , 5.3503612616666665
50.95387598 , 5.350325153333333
50.95386527833333 , 5.350291936666666
50.95384825166666 , 5.3502663833333335
50.95382771333333 , 5.350244375
50.95380723833333 , 5.35022423
50.953786183333335 , 5.35020439
50.953764855 , 5.3501842716666665
50.95374349 , 5.350166038333334
50.953722273333334 , 5.350146363333334
50.95369988666667 , 5.350126866666667
50.953678606666664 , 5.350108863333333
50.95365817 , 5.350090988333333
50.95363688166667 , 5.350072503333333
50.95361522333334 , 5.350053466666667
50.953594045 , 5.350035886666666
50.95357311833333 , 5.350016638333333
50.95355094 , 5.34999973
50.953529403333334 , 5.3499816466666665
50.95350749 , 5.349964035
50.953486348333335 , 5.349948038333333
50.953464765 , 5.349930746666667
50.95344296 , 5.349913036666667
50.953422325 , 5.349895808333334
50.95340174333333 , 5.349879488333333
50.95338029166667 , 5.34986313
50.953359373333335 , 5.349846178333333
50.95333959166667 , 5.34982705
50.953319453333336 , 5.349808695
50.953297948333336 , 5.34979077
50.95327683666667 , 5.34977528
50.953256165 , 5.34975849
50.953235633333335 , 5.349740565
50.953214446666664 , 5.349723373333333
50.953194025 , 5.349705478333333
50.953174098333335 , 5.349687746666667
50.953153215 , 5.349670073333334
50.953131855 , 5.349654608333333
50.953111525 , 5.349638773333333
50.95309108166666 , 5.349620851666667
50.95306973833333 , 5.349602868333333
50.95304953666667 , 5.349586258333333
50.953028935 , 5.34957093
50.95300772666667 , 5.349552706666667
50.952987735 , 5.349533693333333
50.952966485 , 5.34951578
50.952945795 , 5.34949963
50.95292523166667 , 5.349481465
50.95290327666667 , 5.349464845
50.95288189833333 , 5.349449198333334
50.95286120833333 , 5.3494309583333335
50.95284063166667 , 5.349412335
50.952819328333334 , 5.34939614
50.952800593333336 , 5.3493794066666664
50.95278031 , 5.349356871666667
50.952759433333334 , 5.349344365
50.95273309 , 5.349324996666667
50.952709425 , 5.349304845
50.95268869666667 , 5.349296511666667
50.952665195 , 5.349288686666666
50.952641058333334 , 5.34928746
50.952617913333334 , 5.349294021666666
50.95259427333333 , 5.349301761666666
50.95257016 , 5.349310966666667
50.95254701 , 5.349321051666666
50.952524385 , 5.3493311766666665
50.952501876666666 , 5.34934028
50.952478533333334 , 5.349352916666667
50.95245546666666 , 5.3493643
50.952432816666665 , 5.349376258333334
50.95240963166667 , 5.349385848333333
50.95238569166666 , 5.349396053333333
50.95236269 , 5.34940712
50.952340935 , 5.349419398333334
50.952318598333335 , 5.349433061666667
50.952295495 , 5.349446228333333
50.95227412333333 , 5.349461178333334
50.952252738333335 , 5.349475715
50.952232218333336 , 5.349494133333334
50.95222106833333 , 5.34952457
50.95222608833333 , 5.349559466666666
50.952238933333334 , 5.34958878
50.95225532 , 5.349618828333333
50.952270461666664 , 5.34965021
50.952283648333335 , 5.349682118333333
50.95229734 , 5.349715426666667
50.952310258333334 , 5.34974924
50.95232227 , 5.34978266
50.95233216333333 , 5.349817215
50.95234391 , 5.349852145
50.9523565 , 5.349885501666667
50.952367885 , 5.349917713333333
50.95237909666667 , 5.34995121
50.95239033 , 5.349986603333333
50.95240234333333 , 5.350020305
50.952413263333334 , 5.350053316666667
50.952424361666665 , 5.350087625
50.95243506166667 , 5.350122286666666
50.95244632 , 5.35015556
50.952455945 , 5.35018931
50.952465788333335 , 5.350224816666667
50.952476215 , 5.350258916666666
50.95248667 , 5.350290375
50.952500505 , 5.35032088
50.95251272833333 , 5.350353493333333
50.95252619 , 5.3503855216666665
50.95254013666667 , 5.350416436666666
50.95255364333333 , 5.350449055
50.95256824 , 5.350481656666667
50.952581675 , 5.350514108333333
50.952595548333335 , 5.350546555
50.952608598333335 , 5.350581646666667
50.95261666166667 , 5.350615455
50.95262744833333 , 5.350649398333333
50.95263757166666 , 5.350678388333334
50.95264749166667 , 5.35071028
50.952656366666666 , 5.350742921666667
50.95266172 , 5.350776955
50.952654745 , 5.350812021666667
50.95263257333333 , 5.350828345
50.95260814833333 , 5.350826848333333
50.95258372833333 , 5.35082259
50.952559475 , 5.350813293333333
50.95253623166667 , 5.350805321666667
50.95251276333333 , 5.350797991666667
50.95248900166666 , 5.350791411666667
50.95246493333333 , 5.350783905
50.95244117166666 , 5.350777025
50.95241814333333 , 5.35076902
50.952395655 , 5.350761126666667
50.952372346666664 , 5.350753676666667
50.952349495 , 5.35074648
50.95232524666667 , 5.35073767
50.952301563333336 , 5.350727275
50.95227714333333 , 5.350719128333333
50.95225297166667 , 5.35071112
50.95222914 , 5.350702266666667
50.952206051666664 , 5.3506938066666665
50.95218127166667 , 5.350686806666666
50.9521577 , 5.350681175
50.952134595 , 5.350676531666666
50.95236241833334 , 5.3517595
50.95237542 , 5.351726953333333
50.95238865666666 , 5.351694856666667
50.95240131166667 , 5.351663211666667
50.952414403333336 , 5.351631781666667
50.95242601 , 5.351598525
50.95244031666667 , 5.351566543333333
50.95245221333333 , 5.351534001666667
50.952465016666665 , 5.351501041666666
50.952477028333334 , 5.351467966666666
50.95249019333333 , 5.3514336616666665
50.95250413 , 5.3513992
50.95251806 , 5.351366436666667
50.952532543333334 , 5.3513323533333335
50.952545398333335 , 5.351297431666667
50.952558105 , 5.351268171666667
50.952570486666666 , 5.351235716666666
50.95258234 , 5.351202918333334
50.952595091666666 , 5.351168006666667
50.952607666666665 , 5.351135721666667
50.952619715 , 5.351102936666667
50.952630776666666 , 5.351070443333334
50.952647963333334 , 5.35104476
50.952664483333336 , 5.351053568333334
50.952673155 , 5.351087583333333
50.95267992666667 , 5.351122615
50.95268746166666 , 5.351157445
50.95269581 , 5.351193155
50.952703191666664 , 5.351229475
50.95270974 , 5.35126466
50.95271826 , 5.3512986583333335
50.952726211666665 , 5.351334675
50.952732815 , 5.35137189
50.95273885333334 , 5.351408285
50.952743491666666 , 5.351444996666666
50.95275146 , 5.35148126
50.95275971666667 , 5.351517548333334
50.952767818333335 , 5.35155281
50.95277487 , 5.35158972
50.95278152 , 5.351626968333333
50.952788936666664 , 5.351662735
50.95279539166667 , 5.35169916
50.95280273 , 5.351735831666667
50.952810858333336 , 5.351772386666667
50.95281841833334 , 5.3518086333333335
50.952825995 , 5.351845506666667
50.952833123333335 , 5.351883755
50.95284038333333 , 5.351921023333333
50.952848913333334 , 5.351957228333333
50.95285656833333 , 5.351993926666666
50.95286457666667 , 5.352030865
50.952871775 , 5.352068731666667
50.9528814 , 5.352105188333334
50.95289169 , 5.352139898333333
50.95290227833333 , 5.352172816666667
50.952911756666666 , 5.352206438333333
50.95292033 , 5.35223188
50.95292369333333 , 5.352247825
50.952925093333334 , 5.352249598333334
50.952938941666666 , 5.352277618333333
50.95294931666667 , 5.35231823
50.952959715 , 5.352355913333334
50.952968518333336 , 5.352393756666666
50.952976236666665 , 5.352432506666666
50.952982346666666 , 5.352468636666667
50.952990415 , 5.352504271666667
50.95299853666667 , 5.3525399983333335
50.953005145 , 5.35257796
50.953011275 , 5.35261647
50.953016653333336 , 5.3526533233333335
50.953015193333336 , 5.35269327
50.95301452333333 , 5.352731661666667
50.95301813333333 , 5.352765453333333
50.95302359666667 , 5.35280256
50.953030543333334 , 5.352839011666667
50.95303801166666 , 5.352876108333334
50.95304650166667 , 5.352914918333333
50.953053155 , 5.352951325
50.95306016666667 , 5.352988408333333
50.95306720833333 , 5.353025378333333
50.95307458 , 5.353063825
50.953083615 , 5.353098911666667
50.953091371666666 , 5.353131736666667
50.95309881 , 5.353168325
50.95310586666667 , 5.353204556666666
50.95311827 , 5.353232813333333
50.95314011333333 , 5.353249333333333
50.95316245 , 5.353265513333334
50.953177903333334 , 5.353296276666667
50.953187338333336 , 5.35333377
50.95319496333333 , 5.35336977
50.95320138 , 5.353408455
50.953208745 , 5.35344624
50.95321717833333 , 5.35348143
50.953225288333336 , 5.353516565
50.953231808333335 , 5.353552753333333
50.95323883 , 5.353589778333333
50.953245485 , 5.353626116666667
50.953252756666664 , 5.35366185
50.953259665 , 5.353698866666667
50.95326685 , 5.353734583333333
50.95327515666666 , 5.3537703
50.953283326666664 , 5.35380615
50.953291373333336 , 5.353842976666667
50.95329793 , 5.353879575
50.95330424833333 , 5.353915941666667
50.95331128 , 5.353952455
50.953318485 , 5.353990006666667
50.95332526166667 , 5.354026913333334
50.953333611666665 , 5.354062875
50.953340481666665 , 5.354099686666666
50.95334833 , 5.3541365616666665
50.953353963333335 , 5.3541724466666665
50.95336165 , 5.3542073016666665
50.95336902333333 , 5.354243781666667
50.95337142666666 , 5.35427942
50.95336324 , 5.354314743333333
50.953348545 , 5.35434474
50.95332993 , 5.35437054
50.95330954 , 5.354393411666667
50.953290888333335 , 5.35441564
50.95327115 , 5.354437455
50.95325162666666 , 5.354461206666667
50.953232308333334 , 5.354483275
50.953210801666664 , 5.354499548333333
50.953189435 , 5.35451529
50.95316708833333 , 5.35453002
50.953144943333335 , 5.354542306666667
50.95312189333333 , 5.354554905
50.95309920166667 , 5.354567871666666
50.95307597 , 5.354580166666667
50.953052641666666 , 5.354591663333333
50.953029756666666 , 5.35460341
50.95300649166666 , 5.354616633333333
50.952982518333336 , 5.354630218333333
50.95295882333333 , 5.35464026
50.952934985 , 5.3546506
50.95291181666666 , 5.354664306666667
50.95288762166667 , 5.354676543333333
50.95286368 , 5.35468796
50.952840316666666 , 5.354699841666666
50.952816926666664 , 5.354715148333334
50.95279352 , 5.354726703333333
50.95277051 , 5.354739745
50.95274658833333 , 5.354750958333334
50.952723078333335 , 5.35476321
50.952699306666666 , 5.354775401666667
50.95267619166667 , 5.354786955
50.952652545 , 5.354797183333333
50.952628245 , 5.354808996666667
50.95260481333333 , 5.35482228
50.95258166 , 5.354833051666667
50.95255943666667 , 5.354845563333333
50.95253532 , 5.354856931666666
50.95251330166667 , 5.354869448333333
50.95249236 , 5.354882873333334
50.952479135 , 5.354902943333333
50.952480656666665 , 5.354941028333333
50.95248318 , 5.354971381666667
50.952478715 , 5.355001043333333
50.95247871666667 , 5.35500107
50.95247871 , 5.355001071666667
50.952478723333336 , 5.355001061666667
50.952478723333336 , 5.355001055
50.95247872833333 , 5.355001051666667
50.95247873666667 , 5.35500106
50.952478775 , 5.355001258333333
50.95247891333333 , 5.355002048333334
50.952479235 , 5.355003901666667
50.952479796666665 , 5.355006451666666
50.95248043 , 5.355010175
50.952481295 , 5.355014735
50.95248236 , 5.355020153333333
50.9524836 , 5.355026531666667
50.95248487833334 , 5.35503358
50.952486295 , 5.35504118
50.952487755 , 5.35504898
50.95248927 , 5.355056731666667
50.95249074833333 , 5.35506444
50.95249210666667 , 5.355072193333333
50.95249347833333 , 5.35508021
50.952495131666666 , 5.35508812
50.952497075 , 5.355095925
50.95249934833333 , 5.355103578333333
50.952502005 , 5.355110836666666
50.95250489 , 5.355117755
50.95250814 , 5.3551242383333335
50.952511851666664 , 5.355130246666667
50.95251588833333 , 5.355135645
50.95252028833333 , 5.355140348333333
50.952525136666665 , 5.355144228333334
50.95253032833333 , 5.355147603333333
50.95253574833333 , 5.355150078333334
50.952541405 , 5.355151703333333
50.95254726 , 5.355152425
50.952553243333334 , 5.3551523633333336
50.95255916333333 , 5.355151728333333
50.952565158333336 , 5.35515034
50.95257112666667 , 5.355148116666666
50.952577195 , 5.355145526666667
50.95258330833333 , 5.3551426116666665
50.952589401666664 , 5.355139446666667
50.95259568 , 5.355136216666667
50.95260219833333 , 5.35513309
50.95260899666667 , 5.355129543333334
50.95261612833333 , 5.355125748333333
50.952623501666665 , 5.35512171
50.95263112333333 , 5.355117505
50.95263902833333 , 5.355113113333333
50.95264707333333 , 5.3551085233333335
50.95265531 , 5.355103786666667
50.952663828333336 , 5.355099166666666
50.95267260333333 , 5.35509452
50.95268153833333 , 5.355089783333334
50.95269063666667 , 5.355084833333334
50.952699931666665 , 5.355079806666667
50.9527093 , 5.355074626666666
50.95271874 , 5.355069388333333
50.952728345 , 5.35506405
50.95273804666667 , 5.355058603333333
50.952747959999996 , 5.3550531
50.952757915 , 5.355047545
50.95276791166667 , 5.355041955
50.95277797833333 , 5.35503633
50.952788105 , 5.355030576666667
50.95279824166667 , 5.355024871666667
50.952808436666665 , 5.35501913
50.952818611666665 , 5.35501342
50.95282878 , 5.35500773
50.952838945 , 5.35500209
50.952849135 , 5.354996446666667
50.95285933833333 , 5.354990788333334
50.95286952666667 , 5.354985175
50.95287972 , 5.35497953
50.95288991666666 , 5.354973873333333
50.95290012 , 5.354968253333333
50.95291026833333 , 5.354962688333333
50.95292031 , 5.354957206666667
50.95293035833333 , 5.35495169
50.952940428333335 , 5.354946213333333
50.95295045333334 , 5.354940766666667
50.952960403333336 , 5.354935395
50.952970191666665 , 5.354930115
50.95297992 , 5.354924896666667
50.952989545 , 5.354919748333334
50.95299906166667 , 5.354914641666666
50.95300846 , 5.354909636666667
50.95301773333333 , 5.354904778333333
50.95302672 , 5.354899965
50.95303552833333 , 5.35489531
50.95304425333333 , 5.354890675
50.95305268 , 5.354886155
50.953060986666664 , 5.354881786666667
50.953068888333334 , 5.35487749
50.953076565 , 5.354873425
50.95308396666667 , 5.354869545
50.95309119833333 , 5.354865635
50.953098315 , 5.354862016666667
50.953105335000004 , 5.354858733333334
50.95311224 , 5.354855505
50.953118941666666 , 5.354852925
50.95312548166667 , 5.354850995
50.953131735 , 5.354849785
50.953137803333334 , 5.354849191666666
50.953143628333336 , 5.35484929
50.95314936333333 , 5.354849963333334
50.95315486333333 , 5.354851563333333
50.953160276666665 , 5.354853838333334
50.95316523666666 , 5.354856818333333
50.95317013333333 , 5.354860538333333
50.95317463166667 , 5.35486473
50.95317876 , 5.354869525
50.95318262333333 , 5.354874858333333
50.95318615833333 , 5.354880498333333
50.95318923333333 , 5.354886403333333
50.95319193 , 5.354892688333333
50.953194548333336 , 5.354899388333333
50.95319698833333 , 5.354906653333333
50.953199305 , 5.354914551666667
50.953201255 , 5.354922896666666
50.953203251666665 , 5.354931588333334
50.9532053 , 5.354940435
50.953207461666665 , 5.354949371666667
50.953209545 , 5.354958483333333
50.95321154 , 5.354967701666666
50.95321349333334 , 5.354976931666667
50.95321534333333 , 5.354986106666667
50.95321714166667 , 5.35499523
50.95321879 , 5.355004276666667
50.95322024833333 , 5.35501315
50.95322162666667 , 5.355021898333334
50.95322293666667 , 5.355030516666667
50.95322406166667 , 5.355039018333334
50.95322479666667 , 5.355047428333333
50.95322518333333 , 5.355055718333333
50.95322519 , 5.355063935
50.95322479166666 , 5.355072101666667
50.953224068333334 , 5.355080145
50.953222978333336 , 5.355088045
50.9532212 , 5.355095595
50.953219051666665 , 5.35510282
50.95321637333333 , 5.355109518333333
50.953213301666665 , 5.3551156183333335
50.95320998333333 , 5.355121078333333
50.95320612 , 5.35512615
50.953201811666666 , 5.355130796666667
50.95319721 , 5.35513521
50.95319237333333 , 5.355139435
50.953187158333336 , 5.35514305
50.95318157 , 5.355146446666667
50.95317569 , 5.355149971666667
50.953169433333336 , 5.355153245
50.953162785 , 5.355156315
50.953155691666666 , 5.355159466666667
50.953148348333336 , 5.355163115
50.95314069166667 , 5.3551665816666665
50.953132845 , 5.35517016
50.953124816666666 , 5.355174023333333
50.953116638333334 , 5.3551779066666665
50.953108308333334 , 5.355181886666666
50.953099865 , 5.355185951666667
50.95309130333333 , 5.355190133333333
50.953082611666666 , 5.35519434
50.95307380166667 , 5.355198695
50.9530649 , 5.355203098333333
50.95305590666667 , 5.355207536666667
50.95304679 , 5.355212065
50.95303761666667 , 5.355216703333333
50.95302841 , 5.355221335
50.953019123333334 , 5.3552260616666665
50.95300985 , 5.355230841666667
50.95300043333334 , 5.355235651666667
50.952990955 , 5.355240481666667
50.952981435 , 5.355245368333334
50.95297190666667 , 5.355250413333334
50.952962295 , 5.355255458333334
50.952952653333334 , 5.355260558333334
50.952942928333336 , 5.355265606666666
50.95293319333334 , 5.355270595
50.952923485 , 5.355275691666667
50.95291367833333 , 5.35528066
50.95290387833333 , 5.355285596666667
50.95289402 , 5.355290508333334
50.952884151666666 , 5.355295435
50.952874308333335 , 5.355300336666667
50.95286439 , 5.355305176666667
50.952854486666666 , 5.355310023333334
50.952844586666664 , 5.355314891666667
50.952834618333334 , 5.3553197133333335
50.952824703333334 , 5.3553245233333335
50.95281473833333 , 5.355329335
50.95280480833333 , 5.35533418
50.95279484 , 5.355339085
50.952784855 , 5.355343966666666
50.95277485166667 , 5.3553489
50.9527648 , 5.355353853333333
50.952754775 , 5.355358821666667
50.952744798333335 , 5.355363811666667
50.95273492333333 , 5.35536869
50.95272506166667 , 5.355373638333333
50.95271521 , 5.355378576666666
50.95270532166667 , 5.35538351
50.952695525 , 5.355388485
50.95268578666666 , 5.355393366666667
50.952676206666666 , 5.355398166666666
50.952666785 , 5.355402983333334
50.95265731833334 , 5.355407651666667
50.95264789 , 5.355412338333333
50.95263837 , 5.355416946666667
50.95262881833333 , 5.355421551666667
50.952619213333335 , 5.355426211666667
50.95260953 , 5.355430766666666
50.95259982666666 , 5.35543533
50.95259007 , 5.3554398716666665
50.95258026333333 , 5.355444535
50.95257032333333 , 5.355449218333334
50.952560358333336 , 5.355453951666667
50.95255045 , 5.355458738333334
50.952540666666664 , 5.355463448333333
50.95253107 , 5.355468138333333
50.952521661666665 , 5.355472756666667
50.95251229833333 , 5.3554773566666665
50.95250305166667 , 5.35548199
50.95249368333333 , 5.355486671666666
50.95248436166667 , 5.355491506666667
50.95247498 , 5.355496436666667
50.952465555 , 5.3555013916666665
50.95245610833334 , 5.355506433333334
50.95244665166667 , 5.355511521666667
50.95243728 , 5.35551662
50.952428045 , 5.355521721666666
50.952419 , 5.355526761666667
50.95241013166667 , 5.355531796666667
50.95240150666667 , 5.35553666
50.952393013333335 , 5.355541243333334
50.95238455 , 5.355545693333333
50.95237614 , 5.355550036666667
50.95236773 , 5.355554356666667
50.952359275 , 5.355558575
50.9523508 , 5.355562896666667
50.95234237166667 , 5.355567175
50.95233399166667 , 5.355571446666667
50.95232565 , 5.355575656666667
50.95231738 , 5.355579801666667
50.95230917833333 , 5.355583936666667
50.952300975 , 5.35558803
50.95229279833333 , 5.355592081666667
50.952284675 , 5.355596135
50.95227656 , 5.355600125
50.952268485 , 5.355604085
50.952260468333336 , 5.355608046666666
50.9522525 , 5.35561198
50.95224454 , 5.35561587
50.952236598333336 , 5.35561971
50.95222874 , 5.355623466666667
50.95222098 , 5.35562724
50.952213146666665 , 5.35563094
50.95220542 , 5.355634691666666
50.95219766 , 5.35563839
50.95219001666667 , 5.355642135
50.952182416666666 , 5.355645751666667
50.95217500166667 , 5.355649345
50.95216768833333 , 5.355652808333334
50.95216051 , 5.355656243333334
50.95215337166667 , 5.35565955
50.952146326666664 , 5.355662875
50.952139276666664 , 5.35566612
50.952132393333336 , 5.355669296666667
50.95212561 , 5.355672483333334
50.95211894 , 5.355675568333333
50.95211244666667 , 5.35567853
50.952106068333336 , 5.355681483333333
50.95209981833333 , 5.355684396666667
50.95209371166667 , 5.35568719
50.95208784 , 5.355689898333333
50.95208214833333 , 5.35569254
50.95207666333334 , 5.355695138333333
50.95207137333333 , 5.3556978583333334
50.952066423333335 , 5.355701018333333
50.95206198333333 , 5.355704768333333
50.95205791666667 , 5.35570905
50.95205426333333 , 5.355713716666667
50.95205097666667 , 5.355718691666667
50.95204809166667 , 5.355724141666666
50.95204560166667 , 5.355730206666666
50.95204338166667 , 5.355736546666667
50.95204164 , 5.355743445
50.95204034166667 , 5.355750953333334
50.952039428333336 , 5.355758818333333
50.95203910833333 , 5.355767051666667
50.952039203333335 , 5.355775351666667
50.952039585 , 5.355783615
50.952040375 , 5.35579188
50.952041691666665 , 5.355800233333333
50.95204303 , 5.355808623333333
50.952044486666665 , 5.3558170616666665
50.95204624833333 , 5.355825561666666
50.95204802833333 , 5.355834211666667
50.952049708333334 , 5.355843051666667
50.952051493333336 , 5.3558519633333335
50.952053215 , 5.355860775
50.952055005 , 5.355869518333333
50.952056768333335 , 5.355878228333333
50.95205852 , 5.355886901666667
50.95206022333333 , 5.355895415
50.95206187 , 5.355903708333333
50.95206350666667 , 5.355911593333333
50.952065045 , 5.355919235
50.952066523333336 , 5.355926585
50.95206797833333 , 5.355933623333334
50.95206938333333 , 5.355940565
50.95207086 , 5.355947455
50.95207265166667 , 5.355954438333334
50.952075056666665 , 5.35596128
50.952077955 , 5.35596776
50.952081505 , 5.355973605
50.95208546833334 , 5.35597873
50.95208994666667 , 5.35598313
50.95209514 , 5.355986555
50.952100775 , 5.355988848333333
50.9521068 , 5.355989855
50.95211300333333 , 5.355989883333334
50.95211923833333 , 5.355989128333333
50.95212557666667 , 5.355987566666666
50.952131855 , 5.355985263333333
50.95213818333333 , 5.3559827533333335
50.95214470333333 , 5.355979513333334
50.95215139333333 , 5.355976301666667
50.95215835 , 5.355973133333333
50.952165565 , 5.355969928333334
50.95217306666667 , 5.35596652
50.952180776666665 , 5.355962913333333
50.952188835 , 5.35595896
50.95219709333333 , 5.355954945
50.952205505 , 5.355950648333334
50.95221420666667 , 5.355946116666667
50.95222295333333 , 5.355941435
50.95223172 , 5.355936658333333
50.952240753333335 , 5.3559317816666665
50.95224983333333 , 5.355926745
50.952258963333335 , 5.355921648333333
50.95226817333333 , 5.355916531666667
50.952277355 , 5.355911336666667
50.95228674166667 , 5.355906016666666
50.95229617333333 , 5.35590062
50.95230558666667 , 5.35589529
50.95231512 , 5.35588984
50.95232474666667 , 5.355884436666667
50.95233442 , 5.355879201666666
50.95234416833333 , 5.355874048333333
50.952354005 , 5.3558691566666665
50.952363928333334 , 5.3558643366666665
50.952373933333334 , 5.355859831666667
50.95238405 , 5.35585557
50.95239419833333 , 5.355851493333334
50.95240428 , 5.355847395
50.95241447833333 , 5.35584318
50.95242466166667 , 5.355838848333334
50.952434815 , 5.35583437
50.952444845 , 5.355829821666667
50.95245475666667 , 5.355825245
50.952464518333336 , 5.35582063
50.95247423 , 5.355815983333334
50.952483845 , 5.355811278333333
50.952493403333335 , 5.355806525
50.95250288 , 5.355801731666666
50.952512346666666 , 5.35579695
50.95252189166666 , 5.35579213
50.952531478333334 , 5.355787208333333
50.952541098333334 , 5.355782215
50.95255073333333 , 5.35577718
50.952560495 , 5.355772026666667
50.95257027833333 , 5.355766825
50.952580108333336 , 5.355761665
50.952590056666665 , 5.355756471666667
50.952600108333336 , 5.355751215
50.95261023166667 , 5.3557459383333335
50.95262046166667 , 5.355740548333333
50.952630711666664 , 5.355735198333333
50.952641085 , 5.355729741666667
50.95265152 , 5.3557242516666665
50.95266200333333 , 5.35571876
50.95267253666667 , 5.355713218333333
50.952683075 , 5.3557075916666665
50.952693571666664 , 5.35570207
50.952704185 , 5.35569651
50.952714861666664 , 5.3556909
50.95272559 , 5.35568525
50.95273638166667 , 5.35567951
50.95274712166667 , 5.355673756666667
50.952757913333336 , 5.355668011666666
50.95276874333334 , 5.3556622633333335
50.952779713333335 , 5.3556564416666665
50.95279060166666 , 5.355650621666666
50.9528015 , 5.355644731666667
50.952812398333336 , 5.3556389
50.95282333666667 , 5.35563296
50.952834296666666 , 5.355627021666667
50.95284525666667 , 5.355621096666667
50.95285626 , 5.35561515
50.9528673 , 5.35560914
50.95287835166667 , 5.355603075
50.95288931666666 , 5.355597045
50.952900383333336 , 5.355590946666666
50.95291142833333 , 5.355584855
50.952922475 , 5.355578798333333
50.952933523333336 , 5.355572751666666
50.95294454333333 , 5.355566743333333
50.95295559 , 5.35556078
50.952966608333334 , 5.355554936666667
50.952977615 , 5.355549188333334
50.95298861 , 5.355543541666667
50.95299963666667 , 5.355537973333333
50.95301065 , 5.355532468333333
50.953021668333335 , 5.3555270733333336
50.95303269 , 5.355521648333333
50.95304363166667 , 5.35551633
50.95305448 , 5.35551103
50.95306521166667 , 5.355505865
50.95307582 , 5.355500723333333
50.953086193333334 , 5.355495713333333
50.95309639166667 , 5.35549079
50.95310640666667 , 5.355485955
50.95311625 , 5.3554812316666665
50.953125951666664 , 5.355476531666667
50.953135495 , 5.355471968333333
50.953144879999996 , 5.3554674633333335
50.95315409333333 , 5.355463078333333
50.95316313833333 , 5.355458708333333
50.95317202166667 , 5.355454451666667
50.95318073666667 , 5.3554502883333335
50.95318919333333 , 5.35544626
50.95319730333333 , 5.355442393333333
50.953205080000004 , 5.355438735
50.953212433333334 , 5.35543525
50.953219456666666 , 5.35543191
50.95322619 , 5.355428715
50.95323278 , 5.355425546666667
50.95323919333333 , 5.355422595
50.95324557833333 , 5.355419926666666
50.9532518 , 5.355418083333333
50.95325802 , 5.355417098333334
50.95326416 , 5.355416785
50.953270125 , 5.355417655
50.95327592333334 , 5.355419403333333
50.953281438333335 , 5.355422203333333
50.953286678333335 , 5.35542607
50.95329169833333 , 5.355430776666666
50.953296376666664 , 5.355436428333333
50.95330090833333 , 5.355442965
50.95330491666667 , 5.355450251666666
50.95330838 , 5.355458046666667
50.95331154 , 5.35546619
50.953314348333336 , 5.355474825
50.953316736666665 , 5.355483903333333
50.953318925 , 5.3554933616666665
50.95332126666667 , 5.355502798333333
50.95332345833334 , 5.35551243
50.95332545833333 , 5.355522158333334
50.95332749 , 5.355531918333333
50.95332951666666 , 5.355541583333333
50.953331445 , 5.355551166666666
50.953333146666665 , 5.355560601666666
50.95333472 , 5.35556992
50.953336125 , 5.355579116666667
50.953337275 , 5.355588185
50.95333823666667 , 5.355597238333333
50.95333913666666 , 5.355606036666667
50.95333955833333 , 5.355614851666667
50.953339625 , 5.355623445
50.953339248333336 , 5.3556319383333335
50.95333853333333 , 5.355640256666667
50.95333736166667 , 5.355648291666666
50.953335716666665 , 5.355655938333333
50.953333549999996 , 5.355663138333333
50.953330783333335 , 5.355670056666667
50.95332764166667 , 5.355676838333333
50.95332406 , 5.355683333333333
50.95332005666667 , 5.355689381666667
50.95331555833334 , 5.35569513
50.953310658333336 , 5.355700273333333
50.953305455 , 5.355704726666667
50.95329994666667 , 5.355708755
50.953294093333334 , 5.355712605
50.95328785666667 , 5.355715988333333
50.95328137 , 5.355719396666666
50.95327453833333 , 5.355723281666666
50.953267366666665 , 5.35572709
50.953259895 , 5.35573107
50.95325222333334 , 5.355735335
50.953244375 , 5.355739626666667
50.95323641 , 5.355743946666666
50.95322832666667 , 5.355748348333333
50.953220146666666 , 5.355752631666666
50.95321182833333 , 5.3557567116666664
50.953203351666666 , 5.35576059
50.953194798333335 , 5.35576427
50.953186181666666 , 5.355768048333333
50.953177505 , 5.355771965
50.95316875166667 , 5.355775806666666
50.953159935 , 5.355779683333333
50.953151053333336 , 5.355783583333333
50.95314220833333 , 5.355787638333333
50.953133295 , 5.355791763333333
50.953124331666665 , 5.355795948333333
50.95311535166667 , 5.355800258333334
50.953106356666666 , 5.3558046783333335
50.95309735833333 , 5.3558091716666665
50.95308833166666 , 5.355813751666667
50.95307932833333 , 5.355818398333334
50.953070311666664 , 5.355823055
50.953061276666666 , 5.35582774
50.953052193333335 , 5.35583237
50.95304315 , 5.355837013333334
50.953034106666664 , 5.355841675
50.953025026666666 , 5.35584631
50.953015965 , 5.355850931666667
50.95300689333333 , 5.355855525
50.952997845 , 5.355860141666667
50.952988751666666 , 5.355864693333333
50.95297968333333 , 5.355869171666667
50.952970605 , 5.3558736216666665
50.952961511666665 , 5.355877948333333
50.952952378333336 , 5.355882195
50.952943258333335 , 5.355886611666667
50.952934146666664 , 5.355891008333334
50.95292506166667 , 5.355895415
50.95291602 , 5.3558998
50.95290699666667 , 5.355904211666667
50.95289796 , 5.355908661666667
50.952888943333335 , 5.3559131466666665
50.952879923333334 , 5.355917711666667
50.95287091666667 , 5.35592229
50.95286191833333 , 5.355926995
50.95285297666667 , 5.355931605
50.95284401833333 , 5.355936243333334
50.95283508 , 5.35594087
50.95282614333333 , 5.355945461666667
50.952817208333336 , 5.355950083333333
50.95280828 , 5.355954711666667
50.952799328333334 , 5.355959323333333
50.95279037 , 5.355963948333334
50.95278130333333 , 5.355968578333333
50.952772185 , 5.355973243333334
50.952763075 , 5.355977981666666
50.95275394 , 5.355982738333333
50.952744755 , 5.355987446666667
50.95273547666667 , 5.355992201666667
50.95272607 , 5.355996895
50.95271667666667 , 5.356001851666667
50.95270721666667 , 5.356006783333333
50.952697668333336 , 5.356011743333333
50.95268802333333 , 5.356016726666667
50.95267833166667 , 5.35602175
50.95266852 , 5.3560268083333336
50.95265869666667 , 5.3560319283333335
50.95264881166667 , 5.356037046666667
50.95263886666667 , 5.35604222
50.95262890666667 , 5.35604741
50.95261893166666 , 5.35605265
50.95260884333333 , 5.35605788
50.95259882333333 , 5.356063126666666
50.952588676666664 , 5.35606837
50.95257854333333 , 5.356073583333333
50.95256839333334 , 5.356078823333333
50.95255829333333 , 5.35608403
50.952548195 , 5.356089215
50.95253810166667 , 5.35609442
50.952528013333335 , 5.356099573333333
50.95251798333334 , 5.356104721666667
50.952507995 , 5.35610984
50.95249803666667 , 5.356114896666667
50.95248814 , 5.35611992
50.952478303333336 , 5.356124945
50.95246843333334 , 5.3561299883333335
50.952458613333334 , 5.356134983333333
50.952448823333334 , 5.356139921666666
50.9524391 , 5.356144811666667
50.95242941833333 , 5.356149671666667
50.9524197 , 5.356154503333333
50.95241004333333 , 5.3561593
50.95240053166667 , 5.356164058333333
50.952391066666664 , 5.35616878
50.952381675 , 5.356173345
50.95237239666667 , 5.356177941666667
50.95236323666666 , 5.3561824216666665
50.95235418833333 , 5.356186846666667
50.952345261666665 , 5.356191213333333
50.95233646 , 5.356195438333334
50.952327718333336 , 5.356199675
50.95231907 , 5.356203876666667
50.95231045333333 , 5.356207966666667
50.952301981666665 , 5.356212068333333
50.95229361333333 , 5.356216118333333
50.95228535166667 , 5.356219986666667
50.952277298333335 , 5.35622384
50.952269398333335 , 5.356227635
50.95226172666667 , 5.356231356666667
50.95225412833334 , 5.356235005
50.95224673166667 , 5.356238545
50.9522395 , 5.35624201
50.95223248 , 5.356245346666666
50.952225803333334 , 5.356248543333333
50.95221937666667 , 5.356251646666666
50.95221338333333 , 5.356254535
50.95220758833333 , 5.356257336666666
50.95220190333333 , 5.356260051666666
50.95219632 , 5.356262768333333
50.952190783333336 , 5.3562656466666665
50.952185318333335 , 5.356269106666667
50.952180281666664 , 5.356273703333334
50.952175518333334 , 5.356279083333333
50.952171275 , 5.35628494
50.95216742666667 , 5.356291296666667
50.952164161666666 , 5.35629818
50.95216138166667 , 5.356305541666667
50.952159251666664 , 5.356313103333333
50.952157738333334 , 5.356320925
50.95215669666667 , 5.356328853333333
50.95215614333333 , 5.356336943333333
50.952156136666666 , 5.356345293333334
50.952156511666665 , 5.356354118333333
50.952157203333336 , 5.35636324
50.95215839666667 , 5.356372615
50.952159953333336 , 5.356381831666667
50.95216155166667 , 5.3563909983333335
50.95216333333333 , 5.356399936666667
50.952165305 , 5.356408803333333
50.95216730333333 , 5.356417568333334
50.952169231666666 , 5.356426315
50.952171078333336 , 5.35643515
50.95217293 , 5.35644389
50.952174825 , 5.35645266
50.95217683 , 5.356461601666667
50.952178753333335 , 5.356470603333333
50.952180695 , 5.356479445
50.95218274 , 5.356488105
50.952184693333336 , 5.35649647
50.952186661666666 , 5.356504718333333
50.95218866 , 5.356512761666667
50.95219089333333 , 5.356520496666667
50.952193485 , 5.356527866666666
50.95219644833333 , 5.356534601666667
50.952199781666664 , 5.3565406866666665
50.952203475 , 5.356546053333333
50.952207333333334 , 5.3565508
50.952211615 , 5.356554783333333
50.952216521666664 , 5.356557983333333
50.95222172333333 , 5.356560483333333
50.952227295 , 5.356562013333333
50.952233308333334 , 5.356562676666667
50.952239453333334 , 5.356562545
50.952245865 , 5.3565614083333335
50.952252245 , 5.356559645
50.95225856 , 5.356557448333334
50.95226489666667 , 5.356554525
50.952271233333335 , 5.356551231666667
50.95227767 , 5.356547643333333
50.952284033333335 , 5.356543785
50.952290536666666 , 5.356539706666666
50.95229718666667 , 5.35653547
50.952303805 , 5.356531275
50.952310643333334 , 5.356527308333333
50.95231752666667 , 5.356523388333334
50.95232463666667 , 5.356519451666666
50.9523319 , 5.356515423333334
50.952339435 , 5.356511365
50.952346776666666 , 5.3565074
50.95235440166667 , 5.356503473333333
50.952362173333334 , 5.356499295
50.952370195 , 5.356495076666667
50.952378276666664 , 5.356490791666666
50.95238631833333 , 5.356486511666667
50.952394465 , 5.356482185
50.95240268 , 5.35647783
50.952410918333335 , 5.356473485
50.95241912666667 , 5.356469125
50.952427576666665 , 5.356464648333334
50.95243588 , 5.356460245
50.952444211666666 , 5.356455923333334
50.952452646666664 , 5.356451451666667
50.95246108 , 5.356447003333333
50.95246963833333 , 5.356442465
50.952478176666666 , 5.356437903333333
50.95248675 , 5.35643334
50.95249534166667 , 5.356428781666667
50.95250395666667 , 5.35642422
50.95251262666667 , 5.356419581666667
50.95252132666667 , 5.3564149966666665
50.95253013 , 5.356410371666667
50.95253902333333 , 5.356405728333334
50.952548055 , 5.356401031666667
50.952557113333334 , 5.356396331666667
50.95256633666666 , 5.356391528333333
50.95257564333333 , 5.356386658333333
50.952585058333334 , 5.356381738333333
50.952594500000004 , 5.35637671
50.95260404333333 , 5.356371586666667
50.95261357166667 , 5.3563663733333335
50.952623173333336 , 5.356361165
50.952632808333334 , 5.356355955
50.95264248 , 5.35635089
50.95265221166667 , 5.356345926666667
50.95266198 , 5.356341108333333
50.952671785 , 5.356336458333334
50.952681696666666 , 5.356331896666667
50.952691593333334 , 5.356327488333333
50.95270155666667 , 5.356323125
50.95271156 , 5.3563186866666666
50.952721583333336 , 5.356314211666667
50.95273162 , 5.35630972
50.95274174666667 , 5.356305128333333
50.952751955 , 5.356300461666667
50.95276219666667 , 5.356295748333333
50.95277253166667 , 5.35629105
50.952782905 , 5.3562862283333335
50.95279336833333 , 5.356281255
50.95280387 , 5.356276153333333
50.95281441 , 5.35627106
50.952824975 , 5.356265868333334
50.95283559 , 5.356260608333334
50.95284621166667 , 5.356255226666667
50.95285689333333 , 5.356249815
50.952867581666666 , 5.35624428
50.952878268333336 , 5.356238703333333
50.952888995 , 5.356233021666666
50.95289976833333 , 5.356227238333333
50.952910565 , 5.356221451666666
50.952921376666666 , 5.3562158166666665
50.952932295 , 5.356210283333334
50.952943235 , 5.356204761666667
50.95295418333333 , 5.356199273333333
50.95296513833333 , 5.3561938
50.952976125 , 5.356188386666667
50.952987135 , 5.356182938333333
50.95299812166667 , 5.356177581666667
50.953009175 , 5.356172095
50.953020251666665 , 5.356166581666667
50.95303132833333 , 5.356161028333333
50.95304248 , 5.356155431666667
50.953053565 , 5.356149801666667
50.95306468333333 , 5.356144143333333
50.95307579 , 5.356138458333334
50.95308687166667 , 5.356132736666667
50.953097981666666 , 5.356127001666667
50.953109061666666 , 5.356121236666667
50.95312017333333 , 5.356115456666667
50.953131303333336 , 5.356109606666666
50.953142398333334 , 5.356103761666667
50.95315351 , 5.356097878333333
50.953164648333335 , 5.356091966666667
50.953175745 , 5.3560860833333335
50.953186798333334 , 5.356080171666667
50.95319790166667 , 5.356074178333333
50.953208948333334 , 5.356068286666667
50.95321991 , 5.356062531666667
50.95323080166666 , 5.356057251666667
50.95324160166667 , 5.356052308333333
50.95325219666667 , 5.356047461666667
50.953262628333334 , 5.356042696666667
50.953272775 , 5.3560379566666665
50.95328259666667 , 5.356033338333333
50.953292043333335 , 5.356028893333334
50.95330104666667 , 5.3560246183333335
50.953309643333334 , 5.356020563333334
50.95331782833333 , 5.356016713333333
50.95332561166666 , 5.356013043333333
50.95333292833333 , 5.356009536666667
50.953339945 , 5.356006221666667
50.953346735 , 5.356002965
50.953353398333334 , 5.355999795
50.95335992333333 , 5.355996668333334
50.95336626666667 , 5.35599357
50.95337241666667 , 5.355989851666667
50.95337810666667 , 5.355985225
50.953383523333336 , 5.355979808333333
50.953388538333336 , 5.355973285
50.95339267833333 , 5.355966295
50.95339628333333 , 5.355958385
50.95339927333333 , 5.355949856666666
50.953401361666664 , 5.355940923333334
50.953402948333334 , 5.355931606666666
50.953403888333334 , 5.3559222433333336
50.95340415166667 , 5.355912953333333
50.953403505 , 5.35590402
50.95340237833334 , 5.35589504
50.95340120833333 , 5.355885975
50.953399913333335 , 5.355876958333333
50.953398275 , 5.355868056666667
50.95339626 , 5.35585941
50.95339419333333 , 5.355850848333334
50.953392055 , 5.355842251666667
50.95338985 , 5.355833638333333
50.95338756666666 , 5.355824975
50.95338523833333 , 5.35581617
50.953383005 , 5.355807143333333
50.95338068833333 , 5.355797768333334
50.95337831166667 , 5.355788013333333
50.95337590166667 , 5.355777796666667
50.95337342 , 5.355767153333334
50.95337086333333 , 5.355756051666667
50.95336820166666 , 5.355744548333333
50.95336553666667 , 5.355732708333333
50.95336277 , 5.355720495
50.953359971666664 , 5.355708015
50.95335710333333 , 5.35569522
50.95335412 , 5.355682188333334
50.95335112833333 , 5.355668883333333
50.953348025 , 5.355655308333334
50.953344955 , 5.355641473333334
50.953341781666666 , 5.355627403333333
50.953338556666665 , 5.35561305
50.95333527 , 5.355598493333333
50.953331938333335 , 5.35558369
50.953328545 , 5.355568685
50.95332519 , 5.355553446666667
50.95332181 , 5.355538076666667
50.95331836333333 , 5.355522563333333
50.95331497666667 , 5.35550699
50.95331159166667 , 5.35549137
50.95330823166667 , 5.35547572
50.95330487166667 , 5.3554600416666664
50.953301525 , 5.355444341666667
50.9532982 , 5.355428563333334
50.953294836666664 , 5.3554127566666665
50.953291533333335 , 5.35539686
50.95328816166667 , 5.3553809333333335
50.95328480333333 , 5.355364948333333
50.95328145333333 , 5.355348946666667
50.953278095 , 5.355332998333333
50.95327477833333 , 5.355317061666667
50.953271498333336 , 5.355301166666667
50.953268226666665 , 5.355285333333334
50.95326502 , 5.355269548333333
50.95326179 , 5.35525387
50.953258615 , 5.35523828
50.953255498333334 , 5.355222821666667
50.95325246 , 5.355207465
50.95324945833333 , 5.355192253333334
50.95324649333333 , 5.35517714
50.95324356333333 , 5.3551622
50.95324066166667 , 5.355147375
50.953237825 , 5.35513281
50.95323501666667 , 5.355118525
50.95323234166667 , 5.355104525
50.953229715 , 5.3550908066666665
50.95322709166667 , 5.355077296666667
50.953224578333334 , 5.3550639633333335
50.953222018333335 , 5.355050846666667
50.953219546666666 , 5.35503794
50.953217155 , 5.355025221666667
50.95321484833333 , 5.35501272
50.953212565 , 5.355000358333333
50.95321034166667 , 5.354988228333333
50.953208115 , 5.354976275
50.953205858333334 , 5.354964625
50.953203735 , 5.354953208333334
50.95320160166666 , 5.35494213
50.95319955666667 , 5.354931426666667
50.953197503333335 , 5.354920991666667
50.95319546666666 , 5.354910941666667
50.953193338333335 , 5.354901148333333
50.953190688333336 , 5.354891873333333
50.9531875 , 5.354883171666667
50.953183765 , 5.354875151666667
50.95317962833333 , 5.354867808333333
50.95317510666667 , 5.354861556666667
50.95317025333333 , 5.354856125
50.95316509 , 5.354851953333333
50.95315989 , 5.354848895
50.953154575 , 5.3548467833333335
50.95314911 , 5.35484556
50.953143436666664 , 5.354845128333333
50.95313756666667 , 5.354845485
50.95313150166667 , 5.354846341666667
50.95312518833333 , 5.3548479916666665
50.953118831666664 , 5.35484995
50.95311236166667 , 5.354852246666667
50.95310587833333 , 5.354854805
50.953099265 , 5.354857281666667
50.953092563333335 , 5.3548600366666665
50.953085695 , 5.354863028333333
50.953078696666665 , 5.35486629
50.95307165333333 , 5.354869778333334
50.95306441333334 , 5.3548733
50.953057085 , 5.354877036666666
50.95304970666667 , 5.354880815
50.95304230666667 , 5.354884723333333
50.953034815 , 5.354888671666667
50.953027235 , 5.35489271
50.95301952166667 , 5.354896821666666
50.953011885 , 5.354901055
50.95300415166667 , 5.354905308333334
50.952996436666666 , 5.354909638333333
50.952988665 , 5.354914133333334
50.952980786666664 , 5.354918616666667
50.952972945 , 5.35492319
50.952965051666666 , 5.354927798333334
50.95295712 , 5.354932486666667
50.952949141666664 , 5.35493714
50.952941083333336 , 5.354941388333334
50.952932901666664 , 5.354945561666667
50.95292471333333 , 5.354949745
50.95291645166667 , 5.354954025
50.95290813333333 , 5.354958243333333
50.952899715 , 5.35496246
50.95289116666667 , 5.354966703333333
50.95288251 , 5.354970961666667
50.95287370333333 , 5.354975275
50.95286484333333 , 5.354979765
50.952855905 , 5.354984408333333
50.95284678666667 , 5.354989101666667
50.952837505 , 5.354993865
50.95282819 , 5.354998761666667
50.952818746666665 , 5.355003691666667
50.95280921 , 5.355008765
50.95279959 , 5.355013943333334
50.95278984666667 , 5.355019135
50.95278003333333 , 5.355024483333334
50.95277011666667 , 5.35502978
50.95276009333333 , 5.355034878333333
50.9527501 , 5.355039965
50.95274014 , 5.355045005
50.952730341666665 , 5.3550500266666665
50.952720515 , 5.355054858333333
50.952711001666664 , 5.355059693333334
50.95270162 , 5.355064338333333
50.952692408333334 , 5.355068863333333
50.952683306666664 , 5.35507334
50.95267438 , 5.355077718333333
50.95266555333333 , 5.355081991666666
50.952656895 , 5.3550861733333335
50.95264831833333 , 5.3550902633333335
50.95263992666667 , 5.355094283333333
50.952631583333336 , 5.355098145
50.95262334833333 , 5.355102
50.95261534 , 5.35510596
50.95260742833333 , 5.3551098
50.95259976 , 5.3551135683333335
50.952592295 , 5.3551173316666665
50.95258502 , 5.355120961666667
50.952578018333334 , 5.35512454
50.95257134333333 , 5.35512796
50.952564996666666 , 5.35513137
50.952559113333336 , 5.355135091666667
50.95255378833333 , 5.35513925
50.952548971666666 , 5.355143955
50.952544511666666 , 5.3551493
50.95254044666667 , 5.355155166666667
50.95253688333333 , 5.355161753333333
50.952533861666666 , 5.355168963333333
50.952531226666665 , 5.355176585
50.952529195 , 5.355184648333333
50.95252766833333 , 5.3551929933333335
50.952526651666666 , 5.355201435
50.9525263 , 5.355209908333333
50.952526451666664 , 5.355218436666667
50.952526805 , 5.355226815
50.952527415 , 5.355235041666667
50.95252833333333 , 5.35524317
50.95252925333333 , 5.355251445
50.95253051833333 , 5.35526002
50.95253196666667 , 5.35526897
50.952533716666665 , 5.355278365
50.952535555 , 5.355288345
50.952537496666665 , 5.3552989066666665
50.95253970666667 , 5.35530992
50.95254207666667 , 5.355321245
50.95254438333333 , 5.355332865
50.95254683 , 5.355344695
50.95254939833333 , 5.355356721666666
50.952552085 , 5.35536896
50.95255487666667 , 5.355381385
50.952557776666666 , 5.355393866666667
50.952560688333335 , 5.355406335
50.95256354666667 , 5.35541887
50.95256648833333 , 5.35543158
50.952569503333336 , 5.355444421666666
50.95257256833333 , 5.355457536666667
50.952575765 , 5.355470893333333
50.95257899 , 5.355484551666667
50.95258235666667 , 5.3554985183333335
50.9525858 , 5.355512803333333
50.95258932666667 , 5.355527328333333
50.95259291166667 , 5.355542056666667
50.95259657166667 , 5.355557046666667
50.952600303333334 , 5.35557209
50.952604038333334 , 5.355587313333333
50.952607755 , 5.35560269
50.95261144 , 5.3556182
50.95261502 , 5.355633813333333
50.952618638333334 , 5.355649398333333
50.952622203333334 , 5.355665113333333
50.95262571166667 , 5.355680853333333
50.952629198333334 , 5.355696618333333
50.952632685 , 5.355712336666667
50.95263594 , 5.355727976666667
50.95263902333333 , 5.355743653333334
50.952641973333336 , 5.355759263333334
50.952644776666666 , 5.355774908333333
50.95264761666667 , 5.355790531666667
50.952650496666664 , 5.35580612
50.952653311666666 , 5.355821743333333
50.95265615666667 , 5.355837348333333
50.95265899 , 5.35585288
50.952661755 , 5.355868385
50.95266455666667 , 5.355883863333333
50.95266729833333 , 5.355899258333333
50.95266999333333 , 5.355914526666667
50.95267271666667 , 5.355929486666667
50.952675363333334 , 5.355944251666667
50.95267800333333 , 5.355958835
50.95268062666667 , 5.355973181666666
50.95268322333333 , 5.35598739
50.95268582333333 , 5.356001423333334
50.952688375 , 5.356015216666667
50.95269086333333 , 5.356028678333334
50.95269333833333 , 5.356041983333333
50.952695803333334 , 5.35605513
50.95269825333333 , 5.356068098333333
50.952700723333336 , 5.356080905
50.95270312666667 , 5.356093556666667
50.95270551 , 5.356106048333333
50.952707875 , 5.356118343333334
50.95271018 , 5.3561304
50.952712481666666 , 5.3561422
50.95271474166667 , 5.356153826666667
50.95271693 , 5.356165105
50.95271907666667 , 5.356176065
50.952721106666665 , 5.356186611666667
50.95272307333333 , 5.356196651666667
50.952724978333336 , 5.356206228333333
50.952726795 , 5.35621548
50.95272859666667 , 5.356224468333333
50.95273027166667 , 5.356233105
50.95273195666667 , 5.3562414
50.952733735 , 5.3562492383333336
50.95273567833333 , 5.356256565
50.95273783 , 5.356263198333333
50.95274018 , 5.356269171666667
50.952742691666664 , 5.356274468333333
50.95274533 , 5.35627933
50.952748181666664 , 5.3562837
50.952751236666664 , 5.356287531666666
50.95275454 , 5.356290956666666
50.95275826666666 , 5.356294116666667
50.95276238833333 , 5.356296795
50.95276681833333 , 5.356299058333334
50.952771315 , 5.35630058
50.95277593 , 5.356301303333334
50.952780563333334 , 5.35630144
50.952785375 , 5.3563008566666666
50.952790463333336 , 5.356299398333333
50.952795545 , 5.356297223333334
50.952800591666666 , 5.356294761666667
50.95280573666667 , 5.356292323333333
50.95281079833333 , 5.356289318333333
50.95281578666667 , 5.3562859566666665
50.952820808333335 , 5.35628251
50.952159208333335 , 5.3525724483333335
50.952159208333335 , 5.35257247
50.95215921 , 5.3525724766666665
50.952159228333336 , 5.352572475
50.952159226666666 , 5.352572478333333
50.95215922333333 , 5.35257247
50.952159243333334 , 5.35257247
50.952159265 , 5.352572493333334
50.952159265 , 5.35257249
50.95215927833333 , 5.352572486666666
50.95215927666667 , 5.352572491666667
50.95215928166667 , 5.352572506666666
50.952159275 , 5.352572498333333
50.952159285 , 5.352572503333334
50.95215929333333 , 5.352572508333333
50.952159466666664 , 5.352572465
50.95216006166667 , 5.352572321666667
50.952161231666665 , 5.352572041666667
50.952162978333334 , 5.352571716666667
50.952165365 , 5.352571453333334
50.952168328333336 , 5.3525711566666665
50.95217182333333 , 5.352570933333333
50.95217587 , 5.352570715
50.952180643333335 , 5.352570216666667
50.95218595 , 5.35256959
50.95219166166667 , 5.352568925
50.952197625 , 5.352567735
50.952203751666666 , 5.352566266666667
50.952209915 , 5.352564588333333
50.95221591166667 , 5.352562781666666
50.952221765 , 5.35256079
50.952227405 , 5.352558455
50.95223278666667 , 5.352555406666666
50.952237915 , 5.352551805
50.95224273833333 , 5.352547643333334
50.952247485 , 5.352542865
50.952252048333335 , 5.35253745
50.952256311666666 , 5.352531276666666
50.95226055166667 , 5.35252442
50.95226448333333 , 5.352516851666667
50.952268251666666 , 5.352508455
50.952271626666665 , 5.352499713333334
50.95227487166667 , 5.352490645
50.952277825 , 5.35248138
50.95228073333333 , 5.352471928333333
50.95228344833333 , 5.35246227
50.95228601833333 , 5.352452446666667
50.952288545 , 5.352442385
50.952290938333334 , 5.352432365
50.952293265 , 5.352422103333334
50.95229552 , 5.352411845
50.95229762833333 , 5.352401405
50.95229957666667 , 5.352390726666667
50.95230166166667 , 5.3523800716666665
50.95230390166667 , 5.352369193333334
50.95230610833333 , 5.352358403333334
50.952308198333334 , 5.352347478333333
50.95231013666667 , 5.352336603333334
50.95231227666667 , 5.35232578
50.95231428833333 , 5.352315375
50.952316241666665 , 5.352305126666667
50.95231810333333 , 5.35229514
50.95232000666667 , 5.35228527
50.95232181 , 5.352275558333333
50.95232360666667 , 5.352265696666667
50.95232534833333 , 5.352255635
50.952327028333336 , 5.3522454816666665
50.952328685 , 5.352235185
50.952330475 , 5.352224776666667
50.95233210333333 , 5.352214215
50.952333763333336 , 5.352203711666666
50.95233542333333 , 5.35219321
50.95233688166667 , 5.352182545
50.952337995 , 5.352171725
50.952338895 , 5.352160838333333
50.95233925666667 , 5.352149898333334
50.95233944666667 , 5.352139163333334
50.95233928333333 , 5.3521287
50.952338831666665 , 5.352118408333333
50.95233812 , 5.352108371666667
50.952337158333336 , 5.352098391666667
50.952336081666665 , 5.352088601666667
50.952334826666664 , 5.352078846666666
50.952333403333334 , 5.352068986666667
50.952331915 , 5.352059106666666
50.9523303 , 5.352049051666667
50.95232842 , 5.352038911666667
50.952326588333335 , 5.352028871666667
50.95232467666666 , 5.3520187833333335
50.952322906666666 , 5.352008453333333
50.95232109 , 5.351997866666666
50.952319286666665 , 5.351987008333333
50.952317566666665 , 5.351975835
50.952315985 , 5.351964411666667
50.95231441833333 , 5.351952818333333
50.952313061666665 , 5.351941066666667
50.952311918333336 , 5.351929335
50.95231099666667 , 5.3519173916666665
50.95231014666667 , 5.351905441666666
50.952309621666664 , 5.351893568333334
50.952309235 , 5.351881795
50.952308945 , 5.351869963333334
50.95230877 , 5.351858166666666
50.95230865 , 5.351846506666667
50.95230864 , 5.351834758333333
50.952308745 , 5.351822958333333
50.95230881166667 , 5.351811236666666
50.95230883166667 , 5.3517994133333335
50.95230904333334 , 5.351787581666667
50.95230926666667 , 5.351775783333333
50.95230954833333 , 5.351763985
50.95230988666667 , 5.351752173333334
50.952310375 , 5.3517404016666665
50.952310876666665 , 5.35172869
50.952311365 , 5.351717028333334
50.952311953333336 , 5.351705405
50.95231248333333 , 5.351693966666667
50.95231282666667 , 5.351682733333333
50.95231292166667 , 5.3516717
50.95231268166667 , 5.351660776666667
50.952311861666665 , 5.351649943333333
50.952310338333334 , 5.351639188333333
50.952308368333334 , 5.351628731666667
50.9523059 , 5.35161863
50.95230282833333 , 5.351609073333333
50.952299141666664 , 5.35159991
50.952294841666664 , 5.351591251666667
50.952289928333336 , 5.351583261666667
50.95228461666667 , 5.351575731666666
50.95227911166667 , 5.351568611666667
50.952273528333336 , 5.351561668333333
50.95226791166667 , 5.351554583333333
50.952262338333334 , 5.351547291666667
50.95225691666667 , 5.351539753333333
50.95225153 , 5.351531953333334
50.95224614833333 , 5.351524085
50.952240683333336 , 5.35151613
50.952235423333335 , 5.351507993333334
50.95223013333333 , 5.351499921666667
50.952224916666665 , 5.351491636666666
50.952219735 , 5.351483361666666
50.952214473333335 , 5.35147511
50.952209285 , 5.351466738333333
50.95220397666667 , 5.35145833
50.95219869833333 , 5.351449868333333
50.952193385 , 5.351441406666667
50.952188075 , 5.35143288
50.952182746666665 , 5.3514243383333335
50.95217733333333 , 5.351415768333333
50.95217183333333 , 5.351407058333334
50.95216608 , 5.3513982066666665
50.952160385 , 5.351389185
50.952154328333336 , 5.351380046666667
50.95214818 , 5.351370725
50.95214183833333 , 5.351361228333333
50.9521353 , 5.351351743333334
50.952128531666666 , 5.351342196666667
50.95212178 , 5.3513326333333335
50.952114885 , 5.351323226666667
50.95210778333333 , 5.351314056666666
50.95210069833333 , 5.351304815
50.95209334 , 5.35129581
50.952085868333334 , 5.351287041666667
50.95207820833333 , 5.351278533333334
50.95207034166667 , 5.351270156666667
50.95206235333333 , 5.351262065
50.95205425333333 , 5.351254241666667
50.952046125 , 5.351246506666667
50.952038003333335 , 5.351238875
50.952029785 , 5.351231343333334
50.952021431666665 , 5.351223778333333
50.952012993333334 , 5.351216538333333
50.952004546666664 , 5.351209221666666
50.95199621 , 5.351201733333333
50.951987843333335 , 5.351194538333333
50.95197937333333 , 5.351187436666667
50.95197109 , 5.351180116666667
50.95196242 , 5.351173441666667
50.95195373 , 5.35116708
50.95194487 , 5.3511614566666665
50.95193602333333 , 5.351155863333333
50.951927061666666 , 5.351150766666667
50.95191793833333 , 5.351146195
50.951908885 , 5.351142328333333
50.95189959 , 5.351138593333333
50.951890485 , 5.351135763333334
50.95188121 , 5.3511331916666665
50.95187226666667 , 5.351130945
50.95186352333333 , 5.351128863333333
50.951854625 , 5.351127175
50.951845855 , 5.3511252
50.95183687 , 5.35112399
50.95182802666667 , 5.351122051666667
50.951819351666664 , 5.351120556666666
50.951810898333335 , 5.351118808333333
50.951802285 , 5.351116818333334
50.95179389 , 5.351114738333333
50.95178529166667 , 5.35111231
50.95177797 , 5.351108863333334
50.95177019 , 5.35110573
50.95176259833333 , 5.351102243333333
50.951755258333336 , 5.351098501666667
50.951748208333335 , 5.351094361666667
50.95174143166667 , 5.351089763333333
50.951735496666664 , 5.351083571666667
50.95172975 , 5.351076798333334
50.95172410666667 , 5.351069258333333
50.95171899 , 5.351060153333333
50.951712476666664 , 5.3510428
50.95170753833333 , 5.351034705
50.95170305 , 5.3510261833333335
50.95169885166667 , 5.351017823333334
50.951694931666665 , 5.3510092333333334
50.95169100333333 , 5.351000626666667
50.951686988333336 , 5.35099205
50.95168313 , 5.350983066666666
50.95167866 , 5.350974288333333
50.951673926666665 , 5.350966083333334
50.951670713333336 , 5.350956045
50.951665831666666 , 5.350948053333333
50.95166042666666 , 5.350940941666667
50.95165445833333 , 5.350935333333333
50.951648383333335 , 5.350930076666667
50.951642465 , 5.350925105
50.95163672 , 5.3509198866666665
50.95163051666667 , 5.350915766666667
50.95162429166667 , 5.35091212
50.95161776 , 5.350909548333333
50.95161118833333 , 5.350907536666667
50.951605025 , 5.35090527
50.95159870333333 , 5.350903471666666
50.95159180666667 , 5.350902551666667
50.951584323333336 , 5.350902128333333
50.951577148333335 , 5.3509024316666665
50.95157050666667 , 5.350902888333334
50.951563846666666 , 5.35090489
50.951557365 , 5.350907406666667
50.951551296666665 , 5.350909715
50.95154553333333 , 5.35091215
50.951539991666664 , 5.35091559
50.95153467 , 5.350918811666666
50.951529245 , 5.350922983333334
50.951523805 , 5.350927818333333
50.951518396666664 , 5.350932713333333
50.95151322833333 , 5.350937378333334
50.95150777 , 5.350942543333334
50.95150217333333 , 5.350947358333333
50.95149651166667 , 5.350952085
50.951490533333335 , 5.350956921666667
50.951484305 , 5.35096243
50.95147775833333 , 5.350968021666667
50.95147136 , 5.350974295
50.951465006666666 , 5.350980468333334
50.95145869833333 , 5.350987025
50.95145276833333 , 5.350993065
50.951447081666664 , 5.350999008333333
50.951441683333336 , 5.351004265
50.951436193333336 , 5.351009898333333
50.951430845 , 5.351014948333333
50.951425721666666 , 5.351019615
50.95141996833333 , 5.35102375
50.951413853333335 , 5.351028308333333
50.95140745 , 5.3510326316666665
50.951400846666665 , 5.351036861666667
50.951394715 , 5.35104116
50.95138893166666 , 5.351045586666666
50.951383711666665 , 5.351048831666667
50.95137916666667 , 5.351051981666667
50.95137493 , 5.35105501
50.95137123333333 , 5.351057566666666
50.95136786333333 , 5.351060211666667
50.95136479666667 , 5.35106226
50.951361866666666 , 5.351064275
50.95135919166667 , 5.35106555
50.951356925 , 5.351066268333334
50.951354288333334 , 5.351064896666666
50.951350698333336 , 5.351056098333333
50.95134614166667 , 5.351041921666667
50.95134066833333 , 5.351035283333333
50.95133394333333 , 5.35103917
50.9513274 , 5.351044433333334
50.95132271166667 , 5.351047876666667
50.95131924333333 , 5.351050156666667
50.95131613666667 , 5.351051608333333
50.951313695 , 5.351052025
50.95131141 , 5.351052538333334
50.951309083333335 , 5.351053876666667
50.95130668666667 , 5.35105609
50.95130396333333 , 5.351058388333334
50.951300966666665 , 5.351060645
50.95129757 , 5.3510638733333336
50.951293596666666 , 5.351067731666666
50.95128909833333 , 5.351072075
50.95128435833333 , 5.351077828333334
50.951279385 , 5.351084388333334
50.95127439833333 , 5.351092493333334
50.951269866666664 , 5.351101721666667
50.951265883333335 , 5.3511125533333335
50.95126309333333 , 5.351126
50.95126147166667 , 5.351142501666667
50.95126064833333 , 5.351159675
50.951259908333334 , 5.351175766666667
50.951259175 , 5.351191101666666
50.951259011666664 , 5.351206453333333
50.951258626666664 , 5.351221313333333
50.951258575 , 5.351236238333334
50.951258513333336 , 5.35125142
50.95125866833333 , 5.35126689
50.95125876666667 , 5.351282436666667
50.95125894 , 5.351297925
50.951259155 , 5.351313478333333
50.95125942166667 , 5.35132925
50.95125967333333 , 5.351345025
50.951260123333334 , 5.351360931666667
50.951260675 , 5.351377046666666
50.95126115666667 , 5.3513932366666666
50.951261503333335 , 5.3514092133333335
50.9512622 , 5.351425481666666
50.951262725 , 5.351442013333333
50.951263493333336 , 5.35145852
50.95126403166667 , 5.351475033333333
50.9512648 , 5.3514909416666665
50.95126594166667 , 5.351506411666667
50.95126703 , 5.35152181
50.95126796833333 , 5.351537211666667
50.95126886 , 5.35155257
50.95126951333334 , 5.3515678866666665
50.951270235 , 5.351583278333333
50.95127089333333 , 5.351598636666667
50.951271506666664 , 5.351613755
50.951272231666664 , 5.351629156666666
50.95127294833333 , 5.351644276666667
50.95127368 , 5.351659405
50.95127446833333 , 5.351674536666667
50.95127519333333 , 5.35168961
50.951276048333334 , 5.351704698333333
50.95127719166667 , 5.3517195866666665
50.9512778 , 5.3517346266666665
50.951279305 , 5.351749258333333
50.951281613333336 , 5.3517634733333335
50.95128261 , 5.35177825
50.95128342833333 , 5.351793071666667
50.951284253333334 , 5.351808011666667
50.95128545 , 5.351822975
50.951286865 , 5.351837725
50.951288655 , 5.351852053333333
50.95129060833333 , 5.351866238333334
50.95129298 , 5.351879888333333
50.95129524 , 5.35189328
50.95129770333333 , 5.351906588333334
50.95130013833333 , 5.35191942
50.95130948166667 , 5.351935985
50.95131189833333 , 5.351948391666666
50.95131445 , 5.351960488333333
50.9513166 , 5.351972671666666
50.951318645 , 5.3519845733333336
50.951320171666666 , 5.351996041666666
50.95132154833333 , 5.352007021666667
50.95132259333333 , 5.35201804
50.95229786 , 5.351831335
50.95229784666667 , 5.35183133
50.95229782333333 , 5.351831323333333
50.9522978 , 5.35183133
50.952297806666664 , 5.351831346666667
50.95229781166667 , 5.351831343333333
50.952297815 , 5.351831353333333
50.952297718333334 , 5.351831361666667
50.95229727833333 , 5.35183141
50.95229635 , 5.351831428333333
50.95229483333333 , 5.351831521666667
50.95229271833333 , 5.3518316666666665
50.952289943333334 , 5.351831833333334
50.95228658166667 , 5.35183202
50.952282695 , 5.351832216666667
50.952278248333336 , 5.351832405
50.952273231666666 , 5.351833065
50.952267633333335 , 5.351833963333333
50.952261515000004 , 5.351834988333334
50.952255135 , 5.351836378333333
50.952248155 , 5.351837828333333
50.95224088166667 , 5.35183912
50.95223331333333 , 5.35184068
50.95222544833333 , 5.351842285
50.95221733166667 , 5.351844053333333
50.952209015 , 5.351845536666667
50.95220043166667 , 5.35184669
50.95219167 , 5.351847528333334
50.95218274166667 , 5.351847898333333
50.952173851666664 , 5.3518476816666665
50.952164735 , 5.35184689
50.952155411666666 , 5.3518457
50.952145941666664 , 5.3518440683333335
50.95213639666667 , 5.351841776666666
50.952126856666666 , 5.351838888333333
50.95211727 , 5.351835403333333
50.95210759166667 , 5.351831981666667
50.95209771 , 5.351828551666666
50.952087553333335 , 5.3518253
50.952077425 , 5.351821995
50.952067023333335 , 5.351819021666667
50.95205665666667 , 5.351816221666667
50.952046186666664 , 5.351813383333333
50.95203582833334 , 5.351810723333333
50.95202521 , 5.3518077533333335
50.95201476166667 , 5.3518048983333335
50.95200411 , 5.35180189
50.951993701666666 , 5.351798913333333
50.95198310166667 , 5.351795933333333
50.95197243166667 , 5.351792911666666
50.95196165833333 , 5.351789745
50.95195100833333 , 5.351786503333333
50.951940388333334 , 5.351783361666667
50.95192983 , 5.351779915
50.95191921 , 5.351776478333333
50.951908495 , 5.351773073333334
50.951897775 , 5.351769691666667
50.951887385 , 5.351765891666667
50.951876901666665 , 5.35176247
50.951866216666666 , 5.351759183333333
50.95185528166667 , 5.351756026666667
50.95184442833333 , 5.3517531583333335
50.95183368166666 , 5.351749926666667
50.95182277333333 , 5.351746963333333
50.95181206666667 , 5.351743741666667
50.95180141 , 5.3517406916666665
50.95179065 , 5.3517375183333336
50.95177983 , 5.351734605
50.95176904 , 5.351731353333333
50.951758525 , 5.35172796
50.95174770166667 , 5.351724973333333
50.95173703 , 5.3517219633333335
50.95172649166667 , 5.351718618333333
50.951715875 , 5.35171566
50.95170596 , 5.351711871666667
50.951696121666664 , 5.351709035
50.95168617833333 , 5.35170582
50.95167586 , 5.351704588333333
50.95166613666667 , 5.351702416666667
50.951656316666664 , 5.351701818333333
50.95164638833333 , 5.351701366666667
50.95163672666666 , 5.351702148333334
50.951626981666664 , 5.351702996666667
50.951617133333336 , 5.351703868333333
50.95160796 , 5.351705821666667
50.951599115 , 5.3517087283333336
50.95159028333333 , 5.351711258333333
50.95158152166667 , 5.351714018333333
50.95157275 , 5.351717225
50.9515643 , 5.35172144
50.95155578333333 , 5.351725526666667
50.95154742166667 , 5.35173017
50.951539063333335 , 5.35173552
50.951531001666666 , 5.351741476666667
50.951522858333334 , 5.351747876666667
50.951515273333335 , 5.351754663333334
50.951507641666666 , 5.351758628333333
50.951499525 , 5.351761096666666
50.95149166 , 5.351762093333333
50.95148052166667 , 5.351749495
50.951473935 , 5.35175695
50.95146758166667 , 5.351763153333334
50.951461265 , 5.351769583333334
50.95145493333333 , 5.351776226666667
50.95144870666667 , 5.351782818333334
50.951442433333334 , 5.351788953333333
50.95144294333333 , 5.35183154
50.95143679833333 , 5.351838561666667
50.951431065 , 5.351845823333333
50.951424145 , 5.35185068
50.951415448333336 , 5.35185368
50.951406668333334 , 5.351856858333333
50.95139901333334 , 5.351864038333333
50.95139203833333 , 5.351873671666667
50.95138541 , 5.351883833333333
50.95137900833333 , 5.351894473333333
50.95137307833333 , 5.3519042033333335
50.951366363333335 , 5.351916535
50.95135935333333 , 5.35192987
50.95135324333334 , 5.351940515
50.951348095 , 5.351948448333333
50.95134342 , 5.351955248333334
50.95133907 , 5.351961226666667
50.95133500833333 , 5.3519668933333335
50.95133077333333 , 5.35197195
50.95132631 , 5.351977035
50.951322145 , 5.351981386666667
50.951318 , 5.351985018333333
50.95131419333333 , 5.351988263333333
50.951310731666666 , 5.351991763333333
50.95130737666667 , 5.351995195
50.95130419 , 5.351998345
50.95130154333334 , 5.352001916666667
50.95129942166667 , 5.352005963333333
50.951297675 , 5.352009765
50.951295875 , 5.352012478333333
50.95129419333333 , 5.352014931666667
50.951292093333336 , 5.352017115
50.95128976833333 , 5.352019426666667
50.951287905 , 5.352022265
50.95128613 , 5.352024733333334
50.95128622 , 5.352027021666666
50.95129426333333 , 5.352026943333334
50.951308223333335 , 5.35202604
50.951318416666666 , 5.352027466666667
50.951323341666665 , 5.352031958333333
50.951326781666666 , 5.352037228333334
50.95132865833333 , 5.352042646666667
50.95132967333333 , 5.352048315
50.95133069833334 , 5.352054355
50.951331493333335 , 5.352060463333333
50.95133248333333 , 5.3520664516666665
50.951333346666665 , 5.3520726383333335
50.95133402333333 , 5.352079196666667
50.951334806666665 , 5.35208584
50.951335515 , 5.352092795
50.951336203333334 , 5.352100076666667
50.95133665666667 , 5.3521078866666665
50.95133713166667 , 5.352115276666667
50.95133756333333 , 5.352123305
50.95133835833333 , 5.352131601666667
50.95133364 , 5.352111548333333
50.95133495666666 , 5.352121126666667
50.951336383333334 , 5.352131031666667
50.951337895 , 5.35214131
50.951339561666664 , 5.352151556666667
50.951341086666666 , 5.352161996666666
50.951342805 , 5.352172375
50.951344775 , 5.352182703333333
50.951346586666666 , 5.35219324
50.951348745 , 5.35220355
50.95135118 , 5.3522136966666665
50.951353651666665 , 5.352223433333333
50.95135633333334 , 5.352233403333333
50.95135804666667 , 5.352243925
50.95135973833333 , 5.352254511666667
50.95136171833333 , 5.352264935
50.95136363333334 , 5.3522755166666665
50.951365695 , 5.35228625
50.951367565 , 5.3522969216666665
50.951369155 , 5.352307673333334
50.95137072 , 5.3523186
50.95137234333333 , 5.352329186666666
50.951373978333336 , 5.3523398916666665
50.951375165 , 5.352351105
50.95137665666667 , 5.352361891666667
50.95137793833333 , 5.352372925
50.95137957 , 5.352384141666667
50.95138139833333 , 5.3523954583333335
50.951382978333335 , 5.352406346666666
50.951384493333336 , 5.352417291666667
50.95138643166667 , 5.352428023333333
50.951388093333335 , 5.352439128333334
50.95138993 , 5.352450205
50.951391531666665 , 5.35246102
50.95139304 , 5.3524717
50.95139471666667 , 5.3524827083333335
50.95139622 , 5.352493538333333
50.951396931666665 , 5.352504426666667
50.95139771666667 , 5.352515206666666
50.95139802 , 5.352526491666667
50.951397953333334 , 5.352536606666667
50.95139793 , 5.352546593333333
50.95139746666667 , 5.352555793333333
50.95139652333334 , 5.352565148333333
50.95139539 , 5.3525742733333335
50.951394335 , 5.352582441666667
50.951393405 , 5.3525899416666665
50.95139281666667 , 5.3525969516666665
50.95139219666667 , 5.3526039333333335
50.951391715 , 5.352610421666666
50.95139135 , 5.352617238333333
50.95139114333333 , 5.352623693333333
50.951391128333334 , 5.352630321666667
50.951391305 , 5.352636981666667
50.951391593333334 , 5.3526433283333335
50.95139205 , 5.352649828333333
50.951392545 , 5.352656268333333
50.95139330166667 , 5.3526625616666665
50.951394225 , 5.3526689166666666
50.951395265 , 5.352675235
50.951396468333336 , 5.352681295
50.951397725 , 5.352687468333333
50.95139919166667 , 5.352693508333333
50.951400756666665 , 5.35269957
50.95140241166666 , 5.352705561666666
50.95140432 , 5.3527113533333335
50.951406436666666 , 5.352717086666667
50.95140878 , 5.352722445
50.951411336666666 , 5.35272794
50.95141430333334 , 5.3527328616666665
50.95141753 , 5.352737491666667
50.95142105666667 , 5.352741938333334
50.951424941666666 , 5.352745658333333
50.951429268333335 , 5.35274879
50.95143382333333 , 5.352751265
50.95143856166667 , 5.352753058333334
50.95144392 , 5.352753625
50.95144970166667 , 5.352753313333333
50.951456405 , 5.352752088333333
50.95146331833333 , 5.352750493333334
50.95147043 , 5.352748743333334
50.95147772333333 , 5.352746336666667
50.95148524166667 , 5.352744591666666
50.95149285666667 , 5.3527425766666665
50.951500815 , 5.352740243333334
50.95150917833333 , 5.352738076666666
50.95151772 , 5.352736195
50.951526496666666 , 5.3527341433333335
50.95153553833333 , 5.3527321783333335
50.951544858333335 , 5.352730161666667
50.95155413333333 , 5.352727886666667
50.95156347333333 , 5.352725398333333
50.951572865 , 5.352722948333334
50.951582208333335 , 5.352720361666667
50.95159144833333 , 5.35271791
50.95160065666666 , 5.352715475
50.951609725 , 5.352713151666666
50.951618673333336 , 5.352710881666667
50.951628055 , 5.352708446666667
50.95163705833333 , 5.352705783333334
50.95164630666667 , 5.35270344
50.95165552 , 5.352701155
50.95166455166667 , 5.352698756666666
50.95167327 , 5.352696636666667
50.951681746666665 , 5.352694231666667
50.95168985 , 5.352692048333333
50.951697446666664 , 5.352690031666667
50.95170445833333 , 5.352688085
50.95171091833333 , 5.352686233333333
50.95171666 , 5.352684275
50.951721835 , 5.35268265
50.951726396666665 , 5.352681223333334
50.95173049666667 , 5.352680003333333
50.95173406666667 , 5.3526790066666665
50.951737195 , 5.352678016666666
50.951739978333336 , 5.352677115
50.951742558333336 , 5.352676333333333
50.951744745 , 5.352675723333333
50.951746658333334 , 5.35267502
50.95174832 , 5.35267456
50.95174980666667 , 5.352674045
50.95175092833333 , 5.3526737183333335
50.951751941666664 , 5.352673263333333
50.95175291666666 , 5.352672933333333
50.951754255 , 5.352672445
50.95175558333333 , 5.352672098333334
50.95175665166666 , 5.352671686666667
50.95175787 , 5.352671425
50.95175912333333 , 5.352670908333334
50.95176066333333 , 5.352670373333333
50.95176236166667 , 5.35266983
50.95176407666666 , 5.352669331666666
50.951765736666665 , 5.352668836666667
50.95176730666667 , 5.3526681
50.95176936833333 , 5.35266749
50.951771406666666 , 5.352666656666667
50.95177352166667 , 5.352666005
50.951775938333334 , 5.352665105
50.95177846333333 , 5.352664185
50.951781196666666 , 5.352662853333333
50.951784401666664 , 5.3526618033333335
50.95178794 , 5.352660566666667
50.9517918 , 5.352659471666667
50.95179604 , 5.352658571666667
50.95180062666667 , 5.35265778
50.95180542 , 5.352656663333334
50.95181060833333 , 5.352655426666667
50.95181607833333 , 5.352654326666666
50.95182168833333 , 5.35265291
50.951827728333335 , 5.352651408333333
50.951834131666665 , 5.35264985
50.95184102166667 , 5.352648045
50.95184817166667 , 5.352646101666667
50.95185566166667 , 5.352644043333333
50.951863483333334 , 5.3526419233333336
50.95187153 , 5.352639703333334
50.95187978333333 , 5.352637698333333
50.95188829333333 , 5.35263548
50.951897028333335 , 5.3526333033333335
50.95190596166667 , 5.352630886666667
50.95191511 , 5.352628448333333
50.95192431833333 , 5.352625883333333
50.951933685 , 5.352623346666666
50.95194321 , 5.352620901666667
50.95195278166667 , 5.35261839
50.951962548333334 , 5.352616086666667
50.95197228333333 , 5.3526137616666665
50.951982095 , 5.352611726666667
50.95199186 , 5.352609766666666
50.952001796666664 , 5.352607861666667
50.95201161666667 , 5.352605705
50.95202166166667 , 5.352603696666667
50.95203162166667 , 5.352601661666666
50.95204172166667 , 5.352599855
50.95205173666667 , 5.3525979433333335
50.952061803333336 , 5.352596155
50.952071823333334 , 5.352594286666666
50.95208185 , 5.352592373333334
50.95209193666667 , 5.352590431666667
50.952101856666665 , 5.352588575
50.95211159 , 5.3525868433333335
50.9521211 , 5.352585005
50.952130356666665 , 5.352583206666667
50.95213937333333 , 5.352581513333333
50.95214816166666 , 5.35257986
50.952156558333336 , 5.352578165
50.952164481666664 , 5.352576515
50.952171891666666 , 5.352574936666667
50.952178705 , 5.35257349
50.952185248333336 , 5.352571901666667
50.95219162666667 , 5.35257007
50.95219781833333 , 5.35256804
50.952339365 , 5.352332895
50.95233942666667 , 5.3523295
50.95233942833333 , 5.352325928333333
50.95233951833333 , 5.352322121666667
50.95233957166667 , 5.35231791
50.952339673333334 , 5.352313221666667
50.952339693333336 , 5.352307885
50.95233977 , 5.352301793333333
50.95233984666667 , 5.352294911666666
50.95233995 , 5.352287166666667
50.952340055 , 5.3522786883333335
50.95234018166666 , 5.352269425
50.95234039 , 5.352259455
50.95234068166667 , 5.352248791666667
50.95234095 , 5.352237668333333
50.952341258333334 , 5.352226065
50.95234148 , 5.35221413
50.95234182 , 5.35220177
50.95234205166667 , 5.35218919
50.952341905 , 5.352176521666666
50.952341778333334 , 5.352163826666667
50.95234127 , 5.352151215
50.95234071 , 5.352138476666667
50.95233974666667 , 5.35212592
50.95233869166667 , 5.352113383333333
50.952337445 , 5.3521009033333335
50.952336085 , 5.3520883066666665
50.95233467166667 , 5.3520757366666665
50.95233326666666 , 5.352063173333334
50.952331645 , 5.35205058
50.95232994166667 , 5.352038085
50.952328128333335 , 5.352025706666667
50.952326383333336 , 5.35201347
50.952324641666664 , 5.352001303333333
50.95232283666667 , 5.3519892
50.952321125 , 5.351977163333333
50.952319515 , 5.351965125
50.95231796 , 5.35195327
50.95231659833333 , 5.35194152
50.95231538666667 , 5.351929833333333
50.952314216666664 , 5.351918176666667
50.952313151666665 , 5.351906568333333
50.952312235 , 5.351894875
50.95231134666667 , 5.351883156666666
50.95231058666667 , 5.351871455
50.952309938333336 , 5.351859873333333
50.952309205 , 5.351848306666667
50.952308581666664 , 5.351836773333333
50.95230796 , 5.35182533
50.95230751333333 , 5.351813966666667
50.95230709166667 , 5.351802648333333
50.952306826666664 , 5.351791351666667
50.952306695 , 5.351780105
50.95230664 , 5.35176883
50.952306603333334 , 5.351757496666667
50.952306713333336 , 5.35174613
50.95230695 , 5.351734768333333
50.952307168333334 , 5.351723371666667
50.952307415 , 5.351711953333333
50.952307745 , 5.35170054
50.95230814 , 5.351689171666667
50.952308645 , 5.351677723333333
50.952309158333335 , 5.35166637
50.95230963 , 5.35165503
50.95231020166667 , 5.351643643333333
50.95231069 , 5.351632153333333
50.95231113333333 , 5.351620573333333
50.95231155333333 , 5.351608941666667
50.95231200333333 , 5.351597295
50.952312443333334 , 5.351585665
50.95231272 , 5.35157403
50.952312995 , 5.351562481666667
50.95231326 , 5.351550965
50.952313635 , 5.35153948
50.95231400666667 , 5.3515279866666665
50.952314385 , 5.351516396666667
50.952314906666665 , 5.351504745
50.95231534166667 , 5.351493145
50.952315855 , 5.351481571666667
50.952316376666666 , 5.351469905
50.95231694333334 , 5.351458281666667
50.952317576666665 , 5.351446675
50.952318123333335 , 5.351435115
50.95231871666667 , 5.351423498333333
50.95231932666667 , 5.351411903333333
50.952320003333334 , 5.35140041
50.952320588333336 , 5.351388898333333
50.95232103166666 , 5.351377568333334
50.95232144333333 , 5.35136627
50.952321835 , 5.351354958333333
50.95232222333333 , 5.351343733333334
50.95232254 , 5.351332505
50.95232291833333 , 5.3513213083333335
50.95232326666667 , 5.351310153333333
50.952323553333336 , 5.351299026666666
50.95232388666667 , 5.351288033333334
50.95232427333333 , 5.351277138333334
50.95232455833333 , 5.35126644
50.952324895 , 5.351255795
50.952325271666666 , 5.3512452533333335
50.952325673333334 , 5.35123481
50.952325988333335 , 5.351224485
50.95232635833333 , 5.351214133333333
50.952326598333336 , 5.35120386
50.95232699333334 , 5.3511936916666665
50.95232727166667 , 5.351183543333334
50.952327688333334 , 5.351173648333333
50.95232777333333 , 5.351163735
50.952328208333334 , 5.351153875
50.95232851833333 , 5.351143993333333
50.952328638333334 , 5.35113415
50.95232889166667 , 5.351124351666667
50.95232870666667 , 5.351114516666667
50.95232795333333 , 5.351104725
50.95232656 , 5.351095125
50.952324768333334 , 5.351085938333333
50.952322695 , 5.35107714
50.952320068333336 , 5.3510687416666665
50.95231707 , 5.351060886666667
50.952313843333336 , 5.351053486666666
50.95231044166667 , 5.3510462683333335
50.95230696833333 , 5.351039235
50.952303155 , 5.351032331666667
50.952299296666666 , 5.35102534
50.95229532333333 , 5.351018053333333
50.95229117833333 , 5.3510106183333335
50.95228691 , 5.351002976666667
50.952282465 , 5.3509951183333335
50.95227799833334 , 5.350987083333333
50.95227335 , 5.350978813333334
50.952268618333335 , 5.350970403333333
50.952263715 , 5.350961795
50.952258711666666 , 5.350953026666667
50.952253725 , 5.350944106666667
50.952248606666664 , 5.350934978333333
50.95224333833333 , 5.35092572
50.952237965 , 5.350916155
50.952232503333335 , 5.3509064
50.95222691833333 , 5.35089638
50.952221251666664 , 5.350886103333333
50.95221547333333 , 5.3508756433333335
50.952209591666666 , 5.350864931666667
50.952203615 , 5.35085398
50.95219753333333 , 5.350842921666667
50.95219137833333 , 5.350831606666667
50.952185025 , 5.350820326666667
50.952178423333336 , 5.350809018333333
50.95217181 , 5.350797858333333
50.95216506333333 , 5.350786628333333
50.95215806 , 5.350775386666666
50.952150843333335 , 5.350764385
50.9521436 , 5.350753331666667
50.95213603 , 5.3507423733333335
50.95212847166667 , 5.3507314033333335
50.95212108166667 , 5.3507204716666665
50.952113448333336 , 5.35070959
50.95210571 , 5.35069891
50.95209774833334 , 5.350688385
50.952089875 , 5.350677676666667
50.952082483333335 , 5.350666546666667
50.952075285 , 5.350655081666667
50.952068315 , 5.350643276666666
50.95206127833333 , 5.35063141
50.95205426 , 5.350619328333333
50.952047191666665 , 5.350607268333333
50.952040221666664 , 5.350595131666666
50.95203325166667 , 5.350582658333333
50.95202613833333 , 5.350570483333334
50.952019271666664 , 5.350557885
50.95201251 , 5.350545046666666
50.95200578833333 , 5.350532305
50.951998933333336 , 5.35051951
50.951992266666664 , 5.350506435
50.951985363333335 , 5.350493405
50.95197856833333 , 5.350480545
50.951971713333336 , 5.35046753
50.951964976666666 , 5.350454371666666
50.951958278333336 , 5.35044109
50.951951668333336 , 5.350427763333333
50.951944965 , 5.350414598333334
50.95193845166666 , 5.35040119
50.95193177 , 5.35038801
50.95192519 , 5.350374803333334
50.95191870833333 , 5.350361835
50.951912113333336 , 5.35034899
50.951905535 , 5.350336226666666
50.951899151666666 , 5.350323493333334
50.95189293 , 5.350310686666667
50.951886725 , 5.350297916666666
50.95188066833333 , 5.3502851583333335
50.95187459833333 , 5.350272568333334
50.951868641666664 , 5.350259868333334
50.95186269166667 , 5.350247391666667
50.951856815 , 5.350235021666666
50.95185093833334 , 5.350222875
50.95184513 , 5.3502108533333335
50.951839375 , 5.35019904
50.95183371666667 , 5.350187335
50.951828166666665 , 5.350175771666667
50.95182247666666 , 5.35016446
50.95181697333334 , 5.35015304
50.95181147833333 , 5.350141823333334
50.95180597833333 , 5.350130853333333
50.95180059 , 5.3501200566666665
50.95179495 , 5.350109665
50.951789525 , 5.350099153333334
50.95178383333333 , 5.350089086666666
50.95177845833334 , 5.350079
50.951772755 , 5.350069558333334
50.95176716833333 , 5.350060766666667
50.95176174 , 5.35005159
50.951755586666664 , 5.350043511666667
50.95174949333333 , 5.350035533333333
50.951743335 , 5.350028465
50.95173689 , 5.350021845
50.951730755 , 5.3500156316666665
50.95172461 , 5.3500096133333335
50.951718435 , 5.3500048966666665
50.951712453333336 , 5.34999974
50.951706183333336 , 5.349996111666667
50.95170035666666 , 5.349992535
50.951694593333336 , 5.349989565
50.95168794333333 , 5.349984798333334
50.95168237 , 5.349982225
50.951677481666664 , 5.349982088333333
50.95167222166667 , 5.34998027
50.951666835 , 5.34997884
50.95166166333333 , 5.349977441666667
50.95165657333333 , 5.349976195
50.95165153166667 , 5.3499755533333335
50.95164647 , 5.349974916666667
50.95164163333333 , 5.349974606666667
50.951636791666665 , 5.34997446
50.951631866666666 , 5.349974678333333
50.95162688333333 , 5.349974966666666
50.95162214166667 , 5.349975303333333
50.95161721833333 , 5.349975988333333
50.951612368333336 , 5.349976731666667
50.951607616666664 , 5.3499776033333335
50.95160278833333 , 5.349978561666667
50.95159798666667 , 5.349979178333333
50.951593351666666 , 5.349979668333333
50.95158871833333 , 5.349979738333333
50.951584051666664 , 5.34997971
50.951579525 , 5.34997964
50.95157507166667 , 5.349979398333334
50.951570653333334 , 5.349979265
50.95156612666667 , 5.349978815
50.951561725 , 5.349978246666667
50.95155738333333 , 5.34997743
50.951553116666666 , 5.349976626666667
50.95154891 , 5.349975526666666
50.95154476 , 5.349974236666666
50.951540765 , 5.349972688333334
50.95153689166666 , 5.349971095
50.951533145 , 5.34996929
50.951529495 , 5.349967481666667
50.951526058333336 , 5.349965433333334
50.951522743333335 , 5.34996342
50.951519535 , 5.349961301666666
50.951516305 , 5.349959413333333
50.95151339666667 , 5.34995747
50.95151045833333 , 5.349955555
50.951507553333336 , 5.349953613333334
50.95150461 , 5.349951795
50.951501926666666 , 5.349949966666666
50.95149901 , 5.349948236666667
50.95149636666667 , 5.34994639
50.95149366166667 , 5.349944703333334
50.95149092333333 , 5.349942878333334
50.951488065 , 5.3499411666666665
50.951485178333336 , 5.349939515
50.95148253833333 , 5.349937805
50.951479755 , 5.3499363
50.951476928333335 , 5.349934635
50.95147409333333 , 5.349932998333333
50.95147142 , 5.349931473333333
50.95146878 , 5.349930105
50.95146618333333 , 5.349928685
50.95146365666667 , 5.349927251666666
50.95146109 , 5.349925876666667
50.951458314999996 , 5.349924455
50.951455435 , 5.349923276666667
50.951452481666664 , 5.349922243333333
50.95144927333333 , 5.349921528333334
50.95144596666667 , 5.34992088
50.951442568333334 , 5.34992063
50.95143904333333 , 5.349920695
50.95143545 , 5.349921191666667
50.951431791666664 , 5.349922441666667
50.951428275 , 5.349923325
50.95142489 , 5.349924921666667
50.951421563333334 , 5.349926935
50.951418258333334 , 5.349929305
50.95141491166667 , 5.349932183333333
50.95141160666667 , 5.349935886666667
50.95140809666667 , 5.349940345
50.951404653333334 , 5.34994554
50.95140141 , 5.349951318333333
50.951398895 , 5.349957445
50.95139646 , 5.349963561666667
50.95139430333333 , 5.349969663333333
50.95139231 , 5.349975841666667
50.951390483333334 , 5.34998182
50.95138867166666 , 5.349987725
50.95138712333333 , 5.349993358333333
50.95138557666667 , 5.34999877
50.95138393166667 , 5.35000419
50.95138250666667 , 5.350009788333334
50.95138076 , 5.350015758333333
50.951378946666665 , 5.350022476666667
50.95137692833333 , 5.350029815
50.951374925 , 5.350037976666667
50.95137269833333 , 5.350046696666666
50.951370473333334 , 5.350055865
50.95136829 , 5.350065356666667
50.95136624166667 , 5.350075286666667
50.95136438666667 , 5.35008552
50.951362163333336 , 5.35009579
50.95136035833333 , 5.3501064
50.951358121666665 , 5.3501169483333335
50.951356355 , 5.3501277966666665
50.95135450833333 , 5.350138703333333
50.95135262 , 5.350149758333333
50.951350895 , 5.3501609
50.951348978333336 , 5.350171998333333
50.951346988333334 , 5.350183096666667
50.95134513 , 5.350194095
50.951343065 , 5.35020499
50.95134111 , 5.350215923333334
50.951339198333336 , 5.350226911666667
50.951337135 , 5.350237898333333
50.95133498166667 , 5.350248891666666
50.95133301333333 , 5.350259946666666
50.95133092 , 5.350271015
50.95132903 , 5.350281963333333
50.951327146666664 , 5.350292985
50.95132521666667 , 5.350303905
50.951323368333334 , 5.350314855
50.95132164 , 5.350325878333333
50.95131961 , 5.3503367016666665
50.95131776666667 , 5.350347628333333
50.951315755 , 5.350358385
50.95131393 , 5.350369155
50.951311931666666 , 5.350379983333333
50.95130998166667 , 5.350390653333333
50.95130815 , 5.350401373333334
50.95130620166667 , 5.350411985
50.95130428833333 , 5.350422658333334
50.95130219833333 , 5.3504331
50.95130020166667 , 5.350443698333334
50.951298216666665 , 5.350454163333334
50.951296473333336 , 5.350464783333333
50.95129460333333 , 5.35047528
50.95129285 , 5.350485595
50.951291176666665 , 5.350495976666667
50.951289565 , 5.350506146666667
50.95128804 , 5.350516211666666
50.95128644 , 5.350526075
50.951284953333335 , 5.350535906666667
50.951283616666664 , 5.350545641666667
50.95128212 , 5.350555421666667
50.95128100666667 , 5.350565325
50.951280315 , 5.350575308333333
50.95127998833333 , 5.350585373333334
50.951280235 , 5.350595315
50.951280696666664 , 5.350605113333334
50.95128196 , 5.350614785
50.951283448333335 , 5.350623936666667
50.951285255 , 5.3506327633333335
50.95128725166666 , 5.350641185
50.95128930166667 , 5.350648993333333
50.95129149833333 , 5.3506563683333335
50.95129386166667 , 5.3506631633333335
50.95129613666667 , 5.350669386666667
50.951298503333334 , 5.350675061666666
50.951300845 , 5.350680145
50.951303153333335 , 5.350684851666666
50.95130485833333 , 5.350688816666667
50.951306765 , 5.35069262
50.95130876333333 , 5.350696188333333
50.95131084333333 , 5.3506995433333335
50.95131281166667 , 5.350703473333334
50.951314151666665 , 5.350707516666667
50.951316045 , 5.350711353333334
50.951318083333334 , 5.350715813333333
50.95132009333334 , 5.350719881666667
50.95132177833333 , 5.350724231666667
50.951323251666665 , 5.35072844
50.95132482333333 , 5.350733176666667
50.95132634833333 , 5.350738353333333
50.95132791333333 , 5.3507439083333335
50.951329513333334 , 5.3507501416666665
50.95133099 , 5.350756715
50.95133242 , 5.35076377
50.95133365666667 , 5.350770711666667
50.95133475666667 , 5.350777915
50.95133559333333 , 5.35078548
50.951336088333335 , 5.350792995
50.9513365 , 5.350800515
50.951336505 , 5.3508077966666665
50.95133643333333 , 5.3508150316666665
50.95133662 , 5.3508224816666665
50.951336705 , 5.350829736666666
50.951336581666666 , 5.3508369516666665
50.951336393333335 , 5.3508439
50.95133602833333 , 5.3508509166666665
50.951335495 , 5.350858306666667
50.95133519 , 5.350866315
50.951334585 , 5.350874776666667
50.951334188333334 , 5.350883703333333
50.95133380666667 , 5.350892715
50.95133315166667 , 5.350901985
50.951332555 , 5.350911466666667
50.95133178 , 5.350920983333333
50.95133104 , 5.350930571666667
50.95133033166667 , 5.350939993333333
50.95132942833333 , 5.350949385
50.95132859833333 , 5.350958626666666
50.95132772666667 , 5.350967833333334
50.951326646666665 , 5.35097717
50.95132565833333 , 5.350986406666666
50.95132436 , 5.350995823333333
50.95132308666667 , 5.351005115
50.95132168833333 , 5.35101422
50.951320038333336 , 5.351023513333334
50.95131851166666 , 5.351032721666667
50.95131708 , 5.35104189
50.95131553 , 5.351050968333333
50.951313621666664 , 5.351060071666667
50.95131136333333 , 5.35106903
50.951308825 , 5.351078045
50.95130634 , 5.35108711
50.951303585 , 5.351096411666667
50.95130052333333 , 5.351105871666666
50.951297591666666 , 5.3511159416666665
50.951294595 , 5.351126073333333
50.95129174833333 , 5.351136493333334
50.95128887166667 , 5.351146938333334
50.95128654166667 , 5.351157578333333
